rgn_id,category,name,year,tonnes
1,fish,Barred knifejaw,2009,5778
1,fish,Barred knifejaw,2010,5257
1,fish,Barred knifejaw,2011,5
1,fish,Barred knifejaw,2016,3
1,fish,Bastard halibut,2009,407
1,fish,Bastard halibut,2010,248
1,fish,Bastard halibut,2011,260
1,fish,Bastard halibut,2012,247
1,fish,Bastard halibut,2013,183
1,fish,Bastard halibut,2014,267
1,fish,Bastard halibut,2015,181
1,fish,Bastard halibut,2016,168
1,fish,Filefishes,2009,15
1,fish,Filefishes,2010,25
1,fish,Flounders,2009,15
1,fish,Flounders,2010,15
1,fish,Flounders,2011,68
1,fish,Flounders,2012,20
1,fish,Flounders,2013,11
1,fish,Flounders,2014,27
1,fish,Flounders,2015,44
1,fish,Flounders,2016,13
1,fish,Korean rockfish,2009,3
1,other fisheries animals,Korean common sea squint,2009,139
1,other fisheries animals,Korean common sea squint,2010,34
1,other fisheries animals,Korean common sea squint,2014,8
1,other fisheries animals,Korean common sea squint,2015,4
1,other fisheries animals,Korean common sea squint,2016,8
1,other fisheries animals,Other fisheries animals,2012,16
1,other fisheries animals,Wart sea squint,2011,376
1,other fisheries animals,Wart sea squint,2012,29
1,other fisheries animals,Wart sea squint,2013,457
1,other fisheries animals,Wart sea squint,2014,122
1,other fisheries animals,Wart sea squint,2015,292
1,other fisheries animals,Wart sea squint,2016,88
1,other fisheries animals,Wrinkled sea squirt,2009,28087
1,other fisheries animals,Wrinkled sea squirt,2010,51627
1,other fisheries animals,Wrinkled sea squirt,2011,173
1,other fisheries animals,Wrinkled sea squirt,2012,28
1,other fisheries animals,Wrinkled sea squirt,2013,131
1,other fisheries animals,Wrinkled sea squirt,2014,198
1,other fisheries animals,Wrinkled sea squirt,2015,88
1,other fisheries animals,Wrinkled sea squirt,2016,108
1,seaweed,Laver,2009,4352
1,seaweed,Laver,2010,7517
1,seaweed,Laver,2011,16276
1,seaweed,Laver,2012,11534
1,seaweed,Laver,2013,11797
1,seaweed,Laver,2014,16023
1,seaweed,Laver,2015,13791
1,seaweed,Laver,2016,13941
1,seaweed,Sea lettuce,2011,383
1,seaweed,Sea lettuce,2012,309
1,seaweed,Sea lettuce,2013,367
1,seaweed,Sea lettuce,2014,451
1,seaweed,Sea lettuce,2015,460
1,seaweed,Sea lettuce,2016,303
1,seaweed,Sea mustard,2009,11
1,seaweed,Sea mustard,2011,25454
1,seaweed,Sea mustard,2012,18093
1,seaweed,Sea mustard,2013,14745
1,seaweed,Sea mustard,2014,11951
1,seaweed,Sea mustard,2015,13903
1,seaweed,Sea mustard,2016,8757
1,seaweed,Sea staghorn,2009,599
1,seaweed,Sea staghorn,2010,375
1,other fisheries animals,Sea tangle,2009,11262
1,other fisheries animals,Sea tangle,2010,27992
1,other fisheries animals,Sea tangle,2011,13488
1,other fisheries animals,Sea tangle,2012,7130
1,other fisheries animals,Sea tangle,2013,9655
1,other fisheries animals,Sea tangle,2014,9806
1,other fisheries animals,Sea tangle,2015,8686
1,other fisheries animals,Sea tangle,2016,7720
1,shellfish,Abalones nei,2009,65
1,shellfish,Abalones nei,2012,1
1,shellfish,Abalones nei,2013,2
1,shellfish,Abalones nei,2014,2
1,shellfish,Abalones nei,2015,2
1,shellfish,Abalones nei,2016,3
1,shellfish,Ark shell,2016,30
1,shellfish,Broughton's ribbed ark,2009,737
1,shellfish,Broughton's ribbed ark,2010,2324
1,shellfish,Broughton's ribbed ark,2011,2045
1,shellfish,Broughton's ribbed ark,2012,1796
1,shellfish,Broughton's ribbed ark,2013,1961
1,shellfish,Broughton's ribbed ark,2014,2385
1,shellfish,Chinese cyclina,2009,28
1,shellfish,Chinese cyclina,2010,22
1,shellfish,Cockle,2009,1043
1,shellfish,Cockle,2010,780
1,shellfish,Cockle,2011,44
1,shellfish,Cockle,2012,29
1,shellfish,Japanese littleneck,2009,47
1,shellfish,Japanese littleneck,2011,934
1,shellfish,Japanese littleneck,2012,574
1,shellfish,Mussels,2011,1280
1,shellfish,Mussels,2012,926
1,shellfish,Mussels,2013,321
1,shellfish,Mussels,2014,373
1,shellfish,Mussels,2015,372
1,shellfish,Mussels,2016,594
1,shellfish,Oysters,2011,2553
1,shellfish,Oysters,2012,1818
1,shellfish,Oysters,2013,3369
1,shellfish,Oysters,2014,2788
1,shellfish,Oysters,2015,2430
1,shellfish,Oysters,2016,2287
1,shellfish,Shellfish,2009,270
1,shellfish,Shellfish,2010,36
1,shellfish,Venus clam,2009,1524
1,shellfish,Venus clam,2010,1414
1,shellfish,Venus clam,2011,5
2,crustacean,Fleshy prawn,2009,5
2,crustacean,Fleshy prawn,2012,7
2,crustacean,Fleshy prawn,2013,5
2,crustacean,Fleshy prawn,2015,1
2,crustacean,White leg shrimp,2009,45
2,crustacean,White leg shrimp,2010,166
2,crustacean,White leg shrimp,2011,114
2,crustacean,White leg shrimp,2012,90
2,crustacean,White leg shrimp,2013,113
2,crustacean,White leg shrimp,2014,173
2,crustacean,White leg shrimp,2015,153
2,crustacean,White leg shrimp,2016,186
2,fish,Dotted gizzard shad,2016,3
2,fish,Mullets,2010,83
2,fish,Mullets,2011,40
2,fish,Pufferfishes,2009,5
2,fish,Pufferfishes,2010,1
2,seaweed,Laver,2009,295
2,seaweed,Laver,2010,1260
2,seaweed,Laver,2011,338
2,seaweed,Laver,2012,333
2,seaweed,Laver,2013,2827
2,seaweed,Laver,2014,2417
2,seaweed,Laver,2015,3196
2,seaweed,Laver,2016,2740
2,seaweed,Sea mustard,2011,2
2,seaweed,Sea mustard,2016,15
2,other fisheries animals,Sea tangle,2009,4
2,other fisheries animals,Sea tangle,2010,102
2,other fisheries animals,Sea tangle,2011,5
2,other fisheries animals,Sea tangle,2012,2
2,other fisheries animals,Sea tangle,2013,2
2,other fisheries animals,Sea tangle,2015,5
2,other fisheries animals,Sea tangle,2016,10
2,shellfish,Abalones nei,2010,1
2,shellfish,Chinese cyclina,2011,8
2,shellfish,Japanese littleneck,2009,296
2,shellfish,Japanese littleneck,2010,581
2,shellfish,Japanese littleneck,2011,108
2,shellfish,Japanese littleneck,2013,80
2,shellfish,Japanese littleneck,2014,633
2,shellfish,Japanese littleneck,2015,722
2,shellfish,Japanese littleneck,2016,604
2,shellfish,Oysters,2009,667
2,shellfish,Oysters,2010,236
2,shellfish,Oysters,2011,160
2,shellfish,Oysters,2012,2
2,shellfish,Oysters,2013,288
2,shellfish,Venus clam,2009,1
2,shellfish,Venus clam,2013,21
2,shellfish,Venus clam,2014,1
2,shellfish,Venus clam,2015,1
3,fish,Bastard halibut,2009,672
3,fish,Bastard halibut,2010,672
3,fish,Bastard halibut,2011,464
3,fish,Bastard halibut,2012,266
3,fish,Bastard halibut,2013,485
3,fish,Bastard halibut,2014,150
3,fish,Bastard halibut,2015,272
3,fish,Bastard halibut,2016,236
3,fish,Flounders,2009,8
3,fish,Flounders,2010,8
3,fish,Flounders,2011,23
3,fish,Flounders,2012,32
3,fish,Flounders,2013,59
3,fish,Flounders,2014,67
3,fish,Flounders,2015,69
3,fish,Flounders,2016,52
3,fish,Korean rockfish,2009,54
3,fish,Korean rockfish,2010,54
3,fish,Korean rockfish,2011,31
3,other fisheries animals,Korean common sea squint,2012,15
3,other fisheries animals,Korean common sea squint,2013,20
3,seaweed,Sea mustard,2009,5877
3,seaweed,Sea mustard,2010,5877
3,seaweed,Sea mustard,2011,5804
3,seaweed,Sea mustard,2012,5630
3,seaweed,Sea mustard,2013,7092
3,seaweed,Sea mustard,2014,3697
3,seaweed,Sea mustard,2015,4720
3,seaweed,Sea mustard,2016,4621
3,other fisheries animals,Sea tangle,2009,416
3,other fisheries animals,Sea tangle,2010,416
3,other fisheries animals,Sea tangle,2011,222
3,other fisheries animals,Sea tangle,2012,132
3,other fisheries animals,Sea tangle,2013,650
3,other fisheries animals,Sea tangle,2014,595
3,other fisheries animals,Sea tangle,2015,1140
3,other fisheries animals,Sea tangle,2016,965
3,shellfish,Abalones nei,2013,32
3,shellfish,Abalones nei,2014,35
3,shellfish,Abalones nei,2015,38
3,shellfish,Abalones nei,2016,36
4,crustacean,White leg shrimp,2009,98
4,crustacean,White leg shrimp,2010,65
4,crustacean,White leg shrimp,2011,98
4,crustacean,White leg shrimp,2012,39
4,crustacean,White leg shrimp,2013,64
4,crustacean,White leg shrimp,2014,86
4,crustacean,White leg shrimp,2015,120
4,crustacean,White leg shrimp,2016,93
4,fish,Dotted gizzard shad,2011,13
4,fish,Dotted gizzard shad,2012,37
4,fish,Dotted gizzard shad,2013,32
4,fish,Dotted gizzard shad,2014,25
4,fish,Dotted gizzard shad,2015,54
4,fish,Dotted gizzard shad,2016,18
4,fish,Korean rockfish,2009,20
4,fish,Korean rockfish,2010,3
4,seaweed,Laver,2009,13203
4,seaweed,Laver,2010,12405
4,seaweed,Laver,2011,8069
4,seaweed,Laver,2012,7990
4,seaweed,Laver,2013,11660
4,seaweed,Laver,2014,12793
4,seaweed,Laver,2015,15670
4,seaweed,Laver,2016,13414
4,shellfish,Chinese cyclina,2014,19
4,shellfish,Japanese littleneck,2014,547
5,crustacean,White leg shrimp,2009,2
5,crustacean,White leg shrimp,2010,4
5,crustacean,White leg shrimp,2011,1
5,crustacean,White leg shrimp,2012,1
5,crustacean,White leg shrimp,2013,2
5,crustacean,White leg shrimp,2014,1
5,crustacean,White leg shrimp,2015,3
5,crustacean,White leg shrimp,2016,1
5,fish,Barred knifejaw,2012,3
5,fish,Bastard halibut,2009,166
5,fish,Bastard halibut,2010,147
5,fish,Bastard halibut,2011,153
5,fish,Bastard halibut,2012,119
5,fish,Bastard halibut,2013,95
5,fish,Bastard halibut,2014,107
5,fish,Bastard halibut,2015,119
5,fish,Bastard halibut,2016,126
5,fish,Chum salmon,2015,2
5,fish,Chum salmon,2016,100
5,fish,Flounders,2009,4
5,fish,Flounders,2010,6
5,fish,Flounders,2011,9
5,fish,Flounders,2012,14
5,fish,Flounders,2013,21
5,fish,Flounders,2014,21
5,fish,Flounders,2015,15
5,fish,Flounders,2016,2
5,fish,Greenlings,2013,7
5,fish,Korean rockfish,2013,2
5,fish,Rainbow trout,2016,4
5,other fisheries animals,Korean common sea squint,2009,341
5,other fisheries animals,Korean common sea squint,2010,1132
5,other fisheries animals,Korean common sea squint,2011,1833
5,other fisheries animals,Korean common sea squint,2012,2339
5,other fisheries animals,Korean common sea squint,2013,1112
5,other fisheries animals,Korean common sea squint,2014,1121
5,other fisheries animals,Korean common sea squint,2015,1626
5,other fisheries animals,Korean common sea squint,2016,3359
5,other fisheries animals,Sea cucumber,2016,1
5,seaweed,Sea mustard,2009,100
5,seaweed,Sea mustard,2010,124
5,seaweed,Sea mustard,2011,175
5,seaweed,Sea mustard,2012,122
5,seaweed,Sea mustard,2013,175
5,seaweed,Sea mustard,2014,148
5,seaweed,Sea mustard,2015,184
5,seaweed,Sea mustard,2016,169
5,other fisheries animals,Sea tangle,2009,3
5,other fisheries animals,Sea tangle,2010,3
5,other fisheries animals,Sea tangle,2012,10
5,other fisheries animals,Sea tangle,2013,2
5,other fisheries animals,Sea tangle,2014,3
5,other fisheries animals,Sea tangle,2015,1
5,other fisheries animals,Sea tangle,2016,2
5,shellfish,Abalones nei,2011,1
5,shellfish,Abalones nei,2012,1
5,shellfish,Abalones nei,2013,1
5,shellfish,Scallops,2009,347
5,shellfish,Scallops,2010,251
5,shellfish,Scallops,2011,402
5,shellfish,Scallops,2012,516
5,shellfish,Scallops,2013,280
5,shellfish,Scallops,2014,181
5,shellfish,Scallops,2015,276
5,shellfish,Scallops,2016,336
6,crustacean,Fleshy prawn,2009,12
6,crustacean,Fleshy prawn,2010,3
6,crustacean,Fleshy prawn,2013,18
6,crustacean,Fleshy prawn,2015,7
6,crustacean,Fleshy prawn,2016,1
6,crustacean,White leg shrimp,2009,344
6,crustacean,White leg shrimp,2010,472
6,crustacean,White leg shrimp,2011,629
6,crustacean,White leg shrimp,2012,860
6,crustacean,White leg shrimp,2013,708
6,crustacean,White leg shrimp,2014,798
6,crustacean,White leg shrimp,2015,646
6,crustacean,White leg shrimp,2016,952
6,fish,Barred knifejaw,2009,133
6,fish,Barred knifejaw,2010,47
6,fish,Barred knifejaw,2011,15
6,fish,Barred knifejaw,2012,11
6,fish,Barred knifejaw,2013,18
6,fish,Barred knifejaw,2014,15
6,fish,Barred knifejaw,2015,22
6,fish,Barred knifejaw,2016,2
6,fish,Black seabream,2009,76
6,fish,Black seabream,2010,10
6,fish,Black seabream,2011,17
6,fish,Black seabream,2012,8
6,fish,Black seabream,2013,15
6,fish,Black seabream,2014,67
6,fish,Black seabream,2015,20
6,fish,Black seabream,2016,42
6,fish,Dotted gizzard shad,2009,16
6,fish,Dotted gizzard shad,2011,103
6,fish,Dotted gizzard shad,2012,35
6,fish,Dotted gizzard shad,2013,50
6,fish,Dotted gizzard shad,2014,75
6,fish,Dotted gizzard shad,2015,122
6,fish,Dotted gizzard shad,2016,252
6,fish,Korean rockfish,2009,3644
6,fish,Korean rockfish,2010,1694
6,fish,Korean rockfish,2011,1693
6,fish,Korean rockfish,2012,1831
6,fish,Korean rockfish,2013,2092
6,fish,Korean rockfish,2014,2872
6,fish,Korean rockfish,2015,2849
6,fish,Korean rockfish,2016,1838
6,fish,Mullets,2009,1088
6,fish,Mullets,2010,514
6,fish,Mullets,2011,523
6,fish,Mullets,2012,455
6,fish,Mullets,2013,595
6,fish,Mullets,2014,210
6,fish,Mullets,2015,375
6,fish,Mullets,2016,110
6,fish,Pufferfishes,2010,1
6,fish,Pufferfishes,2015,3
6,fish,Rainbow trout,2014,30
6,fish,Rainbow trout,2015,19
6,fish,Red seabream,2009,8
6,fish,Red seabream,2014,5
6,fish,Red seabream,2016,8
6,fish,Temperate basses,2011,90
6,fish,Temperate basses,2012,9
6,fish,Temperate basses,2014,22
6,fish,Temperate basses,2015,108
6,fish,Temperate basses,2016,40
6,other fisheries animals,Sea cucumber,2011,90
6,other fisheries animals,Sea cucumber,2012,10
6,other fisheries animals,Sea cucumber,2013,23
6,other fisheries animals,Sea cucumber,2014,9
6,other fisheries animals,Sea cucumber,2016,3
6,seaweed,Laver,2009,18210
6,seaweed,Laver,2010,14848
6,seaweed,Laver,2011,10334
6,seaweed,Laver,2012,20177
6,seaweed,Laver,2013,31197
6,seaweed,Laver,2014,38557
6,seaweed,Laver,2015,23902
6,seaweed,Laver,2016,39506
6,seaweed,Sea mustard,2009,2141
6,seaweed,Sea mustard,2010,3107
6,seaweed,Sea mustard,2011,5190
6,seaweed,Sea mustard,2012,3740
6,seaweed,Sea mustard,2013,4964
6,seaweed,Sea mustard,2014,3248
6,seaweed,Sea mustard,2015,2613
6,seaweed,Sea mustard,2016,1379
6,other fisheries animals,Sea tangle,2009,1578
6,other fisheries animals,Sea tangle,2010,981
6,other fisheries animals,Sea tangle,2011,758
6,other fisheries animals,Sea tangle,2012,2216
6,other fisheries animals,Sea tangle,2013,1023
6,other fisheries animals,Sea tangle,2014,2190
6,other fisheries animals,Sea tangle,2015,2292
6,other fisheries animals,Sea tangle,2016,2514
6,shellfish,Abalones nei,2009,26
6,shellfish,Abalones nei,2010,10
6,shellfish,Abalones nei,2011,6
6,shellfish,Abalones nei,2012,16
6,shellfish,Abalones nei,2013,14
6,shellfish,Abalones nei,2014,47
6,shellfish,Abalones nei,2015,40
6,shellfish,Abalones nei,2016,47
6,shellfish,Chinese cyclina,2009,9
6,shellfish,Chinese cyclina,2010,16
6,shellfish,Chinese cyclina,2011,10
6,shellfish,Chinese cyclina,2012,2
6,shellfish,Chinese cyclina,2013,42
6,shellfish,Chinese cyclina,2014,42
6,shellfish,Chinese cyclina,2016,12
6,shellfish,Japanese littleneck,2009,3690
6,shellfish,Japanese littleneck,2010,9906
6,shellfish,Japanese littleneck,2011,7258
6,shellfish,Japanese littleneck,2012,6039
6,shellfish,Japanese littleneck,2013,3760
6,shellfish,Japanese littleneck,2014,3543
6,shellfish,Japanese littleneck,2015,6050
6,shellfish,Japanese littleneck,2016,3432
6,shellfish,Oysters,2009,2833
6,shellfish,Oysters,2010,4116
6,shellfish,Oysters,2011,5284
6,shellfish,Oysters,2012,3006
6,shellfish,Oysters,2013,2656
6,shellfish,Oysters,2014,3215
6,shellfish,Oysters,2015,2844
6,shellfish,Oysters,2016,2581
6,shellfish,Surf clam,2013,361
6,shellfish,Surf clam,2014,32
6,shellfish,Surf clam,2015,10
6,shellfish,Venus clam,2013,12
6,shellfish,Venus clam,2014,46
6,shellfish,Venus clam,2015,35
6,shellfish,Venus clam,2016,6
7,crustacean,Fleshy prawn,2010,2
7,crustacean,Fleshy prawn,2012,19
7,crustacean,White leg shrimp,2009,15
7,crustacean,White leg shrimp,2010,83
7,crustacean,White leg shrimp,2011,75
7,crustacean,White leg shrimp,2012,67
7,crustacean,White leg shrimp,2013,163
7,crustacean,White leg shrimp,2014,94
7,crustacean,White leg shrimp,2015,82
7,crustacean,White leg shrimp,2016,193
7,fish,Barred knifejaw,2009,6
7,fish,Barred knifejaw,2013,1
7,fish,Barred knifejaw,2014,33
7,fish,Barred knifejaw,2015,60
7,fish,Barred knifejaw,2016,2
7,fish,Black seabream,2013,1
7,fish,Black seabream,2014,9
7,fish,Black seabream,2015,15
7,fish,Dotted gizzard shad,2009,10
7,fish,Dotted gizzard shad,2012,15
7,fish,Dotted gizzard shad,2014,30
7,fish,Mullets,2009,47
7,fish,Mullets,2010,104
7,fish,Mullets,2011,134
7,fish,Mullets,2012,71
7,fish,Mullets,2013,118
7,fish,Mullets,2014,140
7,fish,Mullets,2015,83
7,fish,Mullets,2016,131
7,fish,Temperate basses,2009,6
7,fish,Temperate basses,2010,20
7,fish,Temperate basses,2011,14
7,fish,Temperate basses,2012,10
7,fish,Temperate basses,2014,2
7,fish,Temperate basses,2015,6
7,seaweed,Laver,2009,34242
7,seaweed,Laver,2010,31453
7,seaweed,Laver,2011,19159
7,seaweed,Laver,2012,19500
7,seaweed,Laver,2013,29790
7,seaweed,Laver,2014,24253
7,seaweed,Laver,2015,12605
7,seaweed,Laver,2016,23552
7,shellfish,Chinese cyclina,2010,93
7,shellfish,Chinese cyclina,2011,254
7,shellfish,Chinese cyclina,2012,16
7,shellfish,Chinese cyclina,2013,19
7,shellfish,Chinese cyclina,2014,39
7,shellfish,Chinese cyclina,2016,6
7,shellfish,Cockle,2012,36
7,shellfish,Japanese littleneck,2009,12404
7,shellfish,Japanese littleneck,2010,10893
7,shellfish,Japanese littleneck,2011,15481
7,shellfish,Japanese littleneck,2012,4244
7,shellfish,Japanese littleneck,2013,643
7,shellfish,Japanese littleneck,2014,1930
7,shellfish,Japanese littleneck,2015,3476
7,shellfish,Japanese littleneck,2016,10647
7,shellfish,Surf clam,2016,10
7,shellfish,Venus clam,2009,16
8,crustacean,Fleshy prawn,2009,48
8,crustacean,Fleshy prawn,2010,21
8,crustacean,Fleshy prawn,2011,16
8,crustacean,Fleshy prawn,2012,7
8,crustacean,Fleshy prawn,2013,19
8,crustacean,Fleshy prawn,2014,8
8,crustacean,White leg shrimp,2009,1287
8,crustacean,White leg shrimp,2010,1868
8,crustacean,White leg shrimp,2011,1904
8,crustacean,White leg shrimp,2012,1705
8,crustacean,White leg shrimp,2013,2724
8,crustacean,White leg shrimp,2014,3293
8,crustacean,White leg shrimp,2015,4418
8,crustacean,White leg shrimp,2016,4235
8,fish,Amberjacks,2010,1
8,fish,Barred knifejaw,2009,219
8,fish,Barred knifejaw,2010,200
8,fish,Barred knifejaw,2011,154
8,fish,Barred knifejaw,2012,153
8,fish,Barred knifejaw,2013,344
8,fish,Barred knifejaw,2014,523
8,fish,Barred knifejaw,2015,513
8,fish,Barred knifejaw,2016,234
8,fish,Bastard halibut,2009,16721
8,fish,Bastard halibut,2010,15747
8,fish,Bastard halibut,2011,14834
8,fish,Bastard halibut,2012,11900
8,fish,Bastard halibut,2013,11473
8,fish,Bastard halibut,2014,14349
8,fish,Bastard halibut,2015,15420
8,fish,Bastard halibut,2016,13286
8,fish,Black seabream,2009,758
8,fish,Black seabream,2010,1111
8,fish,Black seabream,2011,520
8,fish,Black seabream,2012,366
8,fish,Black seabream,2013,287
8,fish,Black seabream,2014,258
8,fish,Black seabream,2015,376
8,fish,Black seabream,2016,399
8,fish,Chub mackerel,2010,3
8,fish,Convict grouper,2009,9
8,fish,Convict grouper,2010,47
8,fish,Convict grouper,2011,48
8,fish,Convict grouper,2012,4
8,fish,Convict grouper,2013,7
8,fish,Convict grouper,2014,20
8,fish,Convict grouper,2015,25
8,fish,Convict grouper,2016,49
8,fish,Dotted gizzard shad,2011,20
8,fish,Dotted gizzard shad,2012,34
8,fish,Dotted gizzard shad,2013,13
8,fish,Dotted gizzard shad,2015,31
8,fish,Dotted gizzard shad,2016,117
8,fish,Filefishes,2009,16
8,fish,Filefishes,2010,26
8,fish,Filefishes,2011,4
8,fish,Filefishes,2013,2
8,fish,Filefishes,2014,7
8,fish,Filefishes,2015,5
8,fish,Filefishes,2016,21
8,fish,Flounders,2010,62
8,fish,Flounders,2011,110
8,fish,Flounders,2012,94
8,fish,Flounders,2013,4
8,fish,Flounders,2014,137
8,fish,Flounders,2015,97
8,fish,Flounders,2016,26
8,fish,Korean rockfish,2009,8379
8,fish,Korean rockfish,2010,7752
8,fish,Korean rockfish,2011,5909
8,fish,Korean rockfish,2012,9219
8,fish,Korean rockfish,2013,10072
8,fish,Korean rockfish,2014,11200
8,fish,Korean rockfish,2015,7394
8,fish,Korean rockfish,2016,6650
8,fish,Mullets,2009,46
8,fish,Mullets,2010,73
8,fish,Mullets,2012,17
8,fish,Mullets,2013,54
8,fish,Mullets,2014,35
8,fish,Mullets,2015,487
8,fish,Mullets,2016,313
8,fish,Pufferfishes,2012,1
8,fish,Rainbow trout,2012,20
8,fish,Rainbow trout,2013,5
8,fish,Rainbow trout,2015,2
8,fish,Rainbow trout,2016,6
8,fish,Red seabream,2009,542
8,fish,Red seabream,2010,498
8,fish,Red seabream,2011,110
8,fish,Red seabream,2012,173
8,fish,Red seabream,2013,266
8,fish,Red seabream,2014,518
8,fish,Red seabream,2015,991
8,fish,Red seabream,2016,1067
8,fish,Rockfishes,2009,44
8,fish,Rockfishes,2010,84
8,fish,Rockfishes,2011,39
8,fish,Rockfishes,2012,13
8,fish,Rockfishes,2013,20
8,fish,Rockfishes,2014,15
8,fish,Rockfishes,2015,8
8,fish,Rockfishes,2016,12
8,fish,Small yellow croaker,2014,1
8,fish,Small yellow croaker,2016,13
8,fish,Temperate basses,2009,558
8,fish,Temperate basses,2010,439
8,fish,Temperate basses,2011,413
8,fish,Temperate basses,2012,354
8,fish,Temperate basses,2013,380
8,fish,Temperate basses,2014,285
8,fish,Temperate basses,2015,464
8,fish,Temperate basses,2016,687
8,other fisheries animals,Korean common sea squint,2009,35
8,other fisheries animals,Korean common sea squint,2010,154
8,other fisheries animals,Korean common sea squint,2011,3
8,other fisheries animals,Korean common sea squint,2012,1
8,other fisheries animals,Korean common sea squint,2013,5
8,other fisheries animals,Korean common sea squint,2014,1
8,other fisheries animals,Korean common sea squint,2015,165
8,other fisheries animals,Korean common sea squint,2016,44
8,other fisheries animals,Sea cucumber,2011,2
8,other fisheries animals,Wrinkled sea squirt,2009,8
8,other fisheries animals,Wrinkled sea squirt,2010,21
8,other fisheries animals,Wrinkled sea squirt,2016,25
8,seaweed,Gulf weed,2009,1826
8,seaweed,Gulf weed,2010,2383
8,seaweed,Gulf weed,2011,2529
8,seaweed,Gulf weed,2012,1354
8,seaweed,Gulf weed,2013,24
8,seaweed,Gulf weed,2014,145
8,seaweed,Gulf weed,2015,86
8,seaweed,Gulf weed,2016,150
8,seaweed,Laver,2009,128690
8,seaweed,Laver,2010,154652
8,seaweed,Laver,2011,256986
8,seaweed,Laver,2012,284341
8,seaweed,Laver,2013,314137
8,seaweed,Laver,2014,299904
8,seaweed,Laver,2015,311726
8,seaweed,Laver,2016,310930
8,seaweed,Other seaweeds,2011,2
8,seaweed,Sea lettuce,2009,5015
8,seaweed,Sea lettuce,2010,3918
8,seaweed,Sea lettuce,2011,5473
8,seaweed,Sea lettuce,2012,5482
8,seaweed,Sea lettuce,2013,4547
8,seaweed,Sea lettuce,2014,5431
8,seaweed,Sea lettuce,2015,5959
8,seaweed,Sea lettuce,2016,6801
8,seaweed,Sea mustard,2009,287740
8,seaweed,Sea mustard,2010,355649
8,seaweed,Sea mustard,2011,355135
8,seaweed,Sea mustard,2012,310119
8,seaweed,Sea mustard,2013,298105
8,seaweed,Sea mustard,2014,262423
8,seaweed,Sea mustard,2015,309172
8,seaweed,Sea mustard,2016,478337
8,seaweed,Sea staghorn,2009,1785
8,seaweed,Sea staghorn,2010,1394
8,seaweed,Sea staghorn,2011,1005
8,seaweed,Sea staghorn,2012,855
8,seaweed,Sea staghorn,2013,2045
8,seaweed,Sea staghorn,2014,5550
8,seaweed,Sea staghorn,2015,3895
8,seaweed,Sea staghorn,2016,4279
8,seaweed,Sea string,2015,4
8,seaweed,Sea string,2016,24
8,other fisheries animals,Sea tangle,2009,299732
8,other fisheries animals,Sea tangle,2010,232172
8,other fisheries animals,Sea tangle,2011,231785
8,other fisheries animals,Sea tangle,2012,298734
8,other fisheries animals,Sea tangle,2013,361733
8,other fisheries animals,Sea tangle,2014,359440
8,other fisheries animals,Sea tangle,2015,430114
8,other fisheries animals,Sea tangle,2016,385528
8,seaweed,Seaweed fulvescens,2009,2819
8,seaweed,Seaweed fulvescens,2010,1759
8,seaweed,Seaweed fulvescens,2011,2179
8,seaweed,Seaweed fulvescens,2012,2739
8,seaweed,Seaweed fulvescens,2013,4727
8,seaweed,Seaweed fulvescens,2014,5021
8,seaweed,Seaweed fulvescens,2015,3777
8,seaweed,Seaweed fulvescens,2016,3193
8,seaweed,Seaweed fusiforme,2009,19533
8,seaweed,Seaweed fusiforme,2010,21133
8,seaweed,Seaweed fusiforme,2011,23351
8,seaweed,Seaweed fusiforme,2012,13024
8,seaweed,Seaweed fusiforme,2013,13311
8,seaweed,Seaweed fusiforme,2014,16563
8,seaweed,Seaweed fusiforme,2015,28157
8,seaweed,Seaweed fusiforme,2016,32762
8,shellfish,Abalones nei,2009,6133
8,shellfish,Abalones nei,2010,6170
8,shellfish,Abalones nei,2011,6727
8,shellfish,Abalones nei,2012,6467
8,shellfish,Abalones nei,2013,7342
8,shellfish,Abalones nei,2014,8837
8,shellfish,Abalones nei,2015,9971
8,shellfish,Abalones nei,2016,12201
8,shellfish,Ark shell,2016,4548
8,shellfish,Broughton's ribbed ark,2015,21
8,shellfish,Broughton's ribbed ark,2016,3
8,shellfish,Cockle,2009,1878
8,shellfish,Cockle,2010,302
8,shellfish,Cockle,2011,355
8,shellfish,Cockle,2012,8
8,shellfish,Cockle,2013,582
8,shellfish,Cockle,2014,707
8,shellfish,Cockle,2015,16
8,shellfish,Cockle,2016,142
8,shellfish,Japanese littleneck,2009,202
8,shellfish,Japanese littleneck,2010,497
8,shellfish,Japanese littleneck,2011,969
8,shellfish,Japanese littleneck,2012,691
8,shellfish,Japanese littleneck,2013,97
8,shellfish,Japanese littleneck,2014,440
8,shellfish,Japanese littleneck,2015,27
8,shellfish,Japanese littleneck,2016,4
8,shellfish,Korean common penshell,2009,1320
8,shellfish,Korean common penshell,2010,748
8,shellfish,Korean common penshell,2011,830
8,shellfish,Korean common penshell,2012,81
8,shellfish,Korean common penshell,2013,1
8,shellfish,Korean common penshell,2014,1
8,shellfish,Korean common penshell,2015,50
8,shellfish,Korean common penshell,2016,44
8,shellfish,Mussels,2010,1670
8,shellfish,Mussels,2011,5537
8,shellfish,Mussels,2012,8592
8,shellfish,Mussels,2013,6617
8,shellfish,Mussels,2014,9121
8,shellfish,Mussels,2015,13829
8,shellfish,Mussels,2016,11256
8,shellfish,Oysters,2009,20417
8,shellfish,Oysters,2010,24396
8,shellfish,Oysters,2011,21415
8,shellfish,Oysters,2012,17207
8,shellfish,Oysters,2013,18972
8,shellfish,Oysters,2014,24041
8,shellfish,Oysters,2015,16111
8,shellfish,Oysters,2016,20388
8,shellfish,Scallops,2009,1
8,shellfish,Scallops,2010,2
8,shellfish,Scallops,2011,1
8,shellfish,Scallops,2012,3
8,shellfish,Scallops,2013,10
8,shellfish,Scallops,2014,43
8,shellfish,Scallops,2015,43
8,shellfish,Scallops,2016,41
9,crustacean,White leg shrimp,2016,4
9,fish,Amberjacks,2009,7
9,fish,Amberjacks,2010,6
9,fish,Amberjacks,2011,21
9,fish,Amberjacks,2012,38
9,fish,Amberjacks,2013,41
9,fish,Amberjacks,2014,14
9,fish,Amberjacks,2015,59
9,fish,Amberjacks,2016,21
9,fish,Barred knifejaw,2010,13
9,fish,Barred knifejaw,2011,2
9,fish,Barred knifejaw,2012,15
9,fish,Barred knifejaw,2014,6
9,fish,Barred knifejaw,2015,12
9,fish,Bastard halibut,2009,2573
9,fish,Bastard halibut,2010,1604
9,fish,Bastard halibut,2011,1541
9,fish,Bastard halibut,2012,1467
9,fish,Bastard halibut,2013,1049
9,fish,Bastard halibut,2014,952
9,fish,Bastard halibut,2015,1297
9,fish,Bastard halibut,2016,831
9,fish,Black seabream,2012,12
9,fish,Black seabream,2013,11
9,fish,Convict grouper,2011,2
9,fish,Filefishes,2009,18
9,fish,Filefishes,2010,22
9,fish,Filefishes,2012,7
9,fish,Filefishes,2014,9
9,fish,Filefishes,2015,6
9,fish,Filefishes,2016,3
9,fish,Flounders,2009,227
9,fish,Flounders,2010,248
9,fish,Flounders,2011,547
9,fish,Flounders,2012,364
9,fish,Flounders,2013,399
9,fish,Flounders,2014,1144
9,fish,Flounders,2015,946
9,fish,Flounders,2016,1067
9,fish,Korean rockfish,2009,2950
9,fish,Korean rockfish,2010,2050
9,fish,Korean rockfish,2011,1480
9,fish,Korean rockfish,2012,702
9,fish,Korean rockfish,2013,588
9,fish,Korean rockfish,2014,529
9,fish,Korean rockfish,2015,184
9,fish,Korean rockfish,2016,386
9,fish,Mullets,2010,4
9,fish,Mullets,2012,12
9,fish,Mullets,2013,19
9,fish,Red seabream,2011,6
9,fish,Red seabream,2012,22
9,fish,Red seabream,2013,35
9,fish,Red seabream,2014,2
9,fish,Red seabream,2015,19
9,fish,Red seabream,2016,7
9,fish,Temperate basses,2009,7
9,other fisheries animals,Korean common sea squint,2009,1496
9,other fisheries animals,Korean common sea squint,2010,1729
9,other fisheries animals,Korean common sea squint,2011,1016
9,other fisheries animals,Korean common sea squint,2012,796
9,other fisheries animals,Korean common sea squint,2013,1601
9,other fisheries animals,Korean common sea squint,2014,1714
9,other fisheries animals,Korean common sea squint,2015,1006
9,other fisheries animals,Korean common sea squint,2016,1638
9,seaweed,Sea mustard,2009,761
9,seaweed,Sea mustard,2010,890
9,seaweed,Sea mustard,2011,881
9,seaweed,Sea mustard,2012,955
9,seaweed,Sea mustard,2013,1370
9,seaweed,Sea mustard,2014,667
9,seaweed,Sea mustard,2015,910
9,seaweed,Sea mustard,2016,969
9,other fisheries animals,Sea tangle,2009,98
9,other fisheries animals,Sea tangle,2010,222
9,other fisheries animals,Sea tangle,2011,377
9,other fisheries animals,Sea tangle,2012,314
9,other fisheries animals,Sea tangle,2013,182
9,other fisheries animals,Sea tangle,2014,143
9,other fisheries animals,Sea tangle,2015,95
9,other fisheries animals,Sea tangle,2016,130
9,shellfish,Abalones nei,2011,2
9,shellfish,Abalones nei,2012,47
9,shellfish,Abalones nei,2013,61
9,shellfish,Abalones nei,2014,17
9,shellfish,Abalones nei,2015,9
9,shellfish,Abalones nei,2016,10
10,crustacean,Fleshy prawn,2009,16
10,crustacean,Fleshy prawn,2012,2
10,crustacean,Fleshy prawn,2014,5
10,crustacean,Fleshy prawn,2015,5
10,crustacean,White leg shrimp,2009,21
10,crustacean,White leg shrimp,2010,45
10,crustacean,White leg shrimp,2011,22
10,crustacean,White leg shrimp,2012,19
10,crustacean,White leg shrimp,2013,10
10,crustacean,White leg shrimp,2014,40
10,crustacean,White leg shrimp,2015,91
10,crustacean,White leg shrimp,2016,122
10,fish,Amberjacks,2009,297
10,fish,Amberjacks,2010,134
10,fish,Amberjacks,2011,7
10,fish,Amberjacks,2012,143
10,fish,Amberjacks,2013,63
10,fish,Amberjacks,2014,179
10,fish,Amberjacks,2015,570
10,fish,Amberjacks,2016,346
10,fish,Barred knifejaw,2009,144
10,fish,Barred knifejaw,2010,269
10,fish,Barred knifejaw,2011,183
10,fish,Barred knifejaw,2012,173
10,fish,Barred knifejaw,2013,150
10,fish,Barred knifejaw,2014,204
10,fish,Barred knifejaw,2015,231
10,fish,Barred knifejaw,2016,384
10,fish,Bastard halibut,2009,3236
10,fish,Bastard halibut,2010,1286
10,fish,Bastard halibut,2011,730
10,fish,Bastard halibut,2012,797
10,fish,Bastard halibut,2013,656
10,fish,Bastard halibut,2014,1304
10,fish,Bastard halibut,2015,1328
10,fish,Bastard halibut,2016,876
10,fish,Black seabream,2009,860
10,fish,Black seabream,2010,1133
10,fish,Black seabream,2011,695
10,fish,Black seabream,2012,753
10,fish,Black seabream,2013,598
10,fish,Black seabream,2014,595
10,fish,Black seabream,2015,972
10,fish,Black seabream,2016,981
10,fish,Chub mackerel,2009,236
10,fish,Chub mackerel,2010,256
10,fish,Chub mackerel,2011,69
10,fish,Chub mackerel,2012,163
10,fish,Chub mackerel,2013,124
10,fish,Chub mackerel,2014,116
10,fish,Chub mackerel,2015,60
10,fish,Chub mackerel,2016,80
10,fish,Convict grouper,2009,171
10,fish,Convict grouper,2010,194
10,fish,Convict grouper,2011,97
10,fish,Convict grouper,2012,48
10,fish,Convict grouper,2013,48
10,fish,Convict grouper,2014,47
10,fish,Convict grouper,2015,93
10,fish,Convict grouper,2016,160
10,fish,Dotted gizzard shad,2009,8
10,fish,Dotted gizzard shad,2012,1
10,fish,Filefishes,2009,496
10,fish,Filefishes,2010,440
10,fish,Filefishes,2011,259
10,fish,Filefishes,2012,340
10,fish,Filefishes,2013,294
10,fish,Filefishes,2014,276
10,fish,Filefishes,2015,379
10,fish,Filefishes,2016,392
10,fish,Flounders,2009,20
10,fish,Flounders,2010,37
10,fish,Flounders,2011,139
10,fish,Flounders,2012,68
10,fish,Flounders,2013,137
10,fish,Flounders,2014,336
10,fish,Flounders,2015,155
10,fish,Flounders,2016,132
10,fish,Jacks,2009,8
10,fish,Jacks,2010,7
10,fish,Jacks,2013,1
10,fish,Jacks,2014,4
10,fish,Jacks,2015,1
10,fish,Jacks,2016,18
10,fish,Korean rockfish,2009,17970
10,fish,Korean rockfish,2010,9414
10,fish,Korean rockfish,2011,8201
10,fish,Korean rockfish,2012,11332
10,fish,Korean rockfish,2013,11003
10,fish,Korean rockfish,2014,9997
10,fish,Korean rockfish,2015,8327
10,fish,Korean rockfish,2016,9065
10,fish,Mi-iuy croaker,2009,5
10,fish,Mi-iuy croaker,2010,32
10,fish,Mi-iuy croaker,2011,1
10,fish,Mi-iuy croaker,2014,51
10,fish,Mi-iuy croaker,2015,40
10,fish,Mi-iuy croaker,2016,27
10,fish,Mullets,2009,4400
10,fish,Mullets,2010,3879
10,fish,Mullets,2011,4153
10,fish,Mullets,2012,5283
10,fish,Mullets,2013,4002
10,fish,Mullets,2014,4453
10,fish,Mullets,2015,5890
10,fish,Mullets,2016,6556
10,fish,Pufferfishes,2009,7
10,fish,Pufferfishes,2010,23
10,fish,Pufferfishes,2011,2
10,fish,Pufferfishes,2012,2
10,fish,Pufferfishes,2013,7
10,fish,Pufferfishes,2014,4
10,fish,Pufferfishes,2015,7
10,fish,Pufferfishes,2016,9
10,fish,Red seabream,2009,8641
10,fish,Red seabream,2010,5789
10,fish,Red seabream,2011,3368
10,fish,Red seabream,2012,2675
10,fish,Red seabream,2013,2442
10,fish,Red seabream,2014,3415
10,fish,Red seabream,2015,5082
10,fish,Red seabream,2016,4160
10,fish,Rockfishes,2009,226
10,fish,Rockfishes,2010,196
10,fish,Rockfishes,2011,268
10,fish,Rockfishes,2012,192
10,fish,Rockfishes,2013,168
10,fish,Rockfishes,2014,161
10,fish,Rockfishes,2015,157
10,fish,Rockfishes,2016,197
10,fish,Scorpionfish,2009,6
10,fish,Seabreams,2009,4
10,fish,Seabreams,2010,8
10,fish,Seabreams,2011,5
10,fish,Seabreams,2012,31
10,fish,Seabreams,2013,15
10,fish,Seabreams,2016,19
10,fish,Small yellow croaker,2015,8
10,fish,Temperate basses,2009,1767
10,fish,Temperate basses,2010,1419
10,fish,Temperate basses,2011,1318
10,fish,Temperate basses,2012,1149
10,fish,Temperate basses,2013,868
10,fish,Temperate basses,2014,695
10,fish,Temperate basses,2015,1203
10,fish,Temperate basses,2016,1151
10,other fisheries animals,Korean common sea squint,2009,5336
10,other fisheries animals,Korean common sea squint,2010,3343
10,other fisheries animals,Korean common sea squint,2011,8800
10,other fisheries animals,Korean common sea squint,2012,5864
10,other fisheries animals,Korean common sea squint,2013,7545
10,other fisheries animals,Korean common sea squint,2014,4193
10,other fisheries animals,Korean common sea squint,2015,18525
10,other fisheries animals,Korean common sea squint,2016,26304
10,other fisheries animals,Other fisheries animals,2012,6
10,other fisheries animals,Other fisheries animals,2013,3
10,other fisheries animals,Wart sea squint,2009,3714
10,other fisheries animals,Wart sea squint,2010,2918
10,other fisheries animals,Wart sea squint,2011,2279
10,other fisheries animals,Wart sea squint,2012,2463
10,other fisheries animals,Wart sea squint,2013,2303
10,other fisheries animals,Wart sea squint,2014,1519
10,other fisheries animals,Wart sea squint,2015,3828
10,other fisheries animals,Wart sea squint,2016,1113
10,other fisheries animals,Wrinkled sea squirt,2009,5543
10,other fisheries animals,Wrinkled sea squirt,2010,5449
10,other fisheries animals,Wrinkled sea squirt,2011,6199
10,other fisheries animals,Wrinkled sea squirt,2012,5841
10,other fisheries animals,Wrinkled sea squirt,2013,2747
10,other fisheries animals,Wrinkled sea squirt,2014,6827
10,other fisheries animals,Wrinkled sea squirt,2015,4425
10,other fisheries animals,Wrinkled sea squirt,2016,5968
10,seaweed,Laver,2009,4941
10,seaweed,Laver,2010,5173
10,seaweed,Laver,2011,5266
10,seaweed,Laver,2012,5953
10,seaweed,Laver,2013,4118
10,seaweed,Laver,2014,3894
10,seaweed,Laver,2015,5757
10,seaweed,Laver,2016,5640
10,seaweed,Sea lettuce,2009,289
10,seaweed,Sea lettuce,2010,238
10,seaweed,Sea lettuce,2011,229
10,seaweed,Sea lettuce,2012,212
10,seaweed,Sea lettuce,2013,120
10,seaweed,Sea lettuce,2014,174
10,seaweed,Sea lettuce,2015,183
10,seaweed,Sea lettuce,2016,54
10,seaweed,Sea mustard,2009,1274
10,seaweed,Sea mustard,2010,1155
10,seaweed,Sea mustard,2011,1362
10,seaweed,Sea mustard,2012,1266
10,seaweed,Sea mustard,2013,924
10,seaweed,Sea mustard,2014,1573
10,seaweed,Sea mustard,2015,1560
10,seaweed,Sea mustard,2016,2043
10,other fisheries animals,Sea tangle,2010,4
10,other fisheries animals,Sea tangle,2011,66
10,other fisheries animals,Sea tangle,2012,63
10,other fisheries animals,Sea tangle,2013,16
10,other fisheries animals,Sea tangle,2014,133
10,other fisheries animals,Sea tangle,2015,305
10,other fisheries animals,Sea tangle,2016,983
10,shellfish,Abalones nei,2009,13
10,shellfish,Abalones nei,2010,17
10,shellfish,Abalones nei,2011,17
10,shellfish,Abalones nei,2012,12
10,shellfish,Abalones nei,2013,10
10,shellfish,Abalones nei,2014,15
10,shellfish,Abalones nei,2015,7
10,shellfish,Abalones nei,2016,13
10,shellfish,Ark shell,2016,53
10,shellfish,Broughton's ribbed ark,2009,190
10,shellfish,Broughton's ribbed ark,2010,146
10,shellfish,Broughton's ribbed ark,2011,65
10,shellfish,Broughton's ribbed ark,2012,76
10,shellfish,Broughton's ribbed ark,2013,266
10,shellfish,Broughton's ribbed ark,2014,536
10,shellfish,Broughton's ribbed ark,2015,3146
10,shellfish,Broughton's ribbed ark,2016,3060
10,shellfish,Cockle,2009,1060
10,shellfish,Cockle,2010,831
10,shellfish,Cockle,2011,1217
10,shellfish,Cockle,2012,2159
10,shellfish,Cockle,2013,1009
10,shellfish,Cockle,2014,247
10,shellfish,Cockle,2015,80
10,shellfish,Egg cockle,2015,1
10,shellfish,Japanese littleneck,2009,270
10,shellfish,Japanese littleneck,2010,773
10,shellfish,Japanese littleneck,2011,949
10,shellfish,Japanese littleneck,2012,1074
10,shellfish,Japanese littleneck,2013,1
10,shellfish,Japanese littleneck,2014,207
10,shellfish,Japanese littleneck,2016,33
10,shellfish,Mussels,2009,54298
10,shellfish,Mussels,2010,50446
10,shellfish,Mussels,2011,63599
10,shellfish,Mussels,2012,51792
10,shellfish,Mussels,2013,27491
10,shellfish,Mussels,2014,41969
10,shellfish,Mussels,2015,37441
10,shellfish,Mussels,2016,42792
10,shellfish,Oysters,2009,214660
10,shellfish,Oysters,2010,238311
10,shellfish,Oysters,2011,251610
10,shellfish,Oysters,2012,262822
10,shellfish,Oysters,2013,214495
10,shellfish,Oysters,2014,253188
10,shellfish,Oysters,2015,243761
10,shellfish,Oysters,2016,243717
10,shellfish,Scallops,2013,194
10,shellfish,Scallops,2014,731
10,shellfish,Scallops,2015,1238
10,shellfish,Scallops,2016,2618
10,shellfish,Sunray surf clam,2011,5
10,shellfish,Venus clam,2011,2
11,crustacean,White leg shrimp,2010,2
11,crustacean,White leg shrimp,2011,1
11,crustacean,White leg shrimp,2012,1
11,crustacean,White leg shrimp,2013,1
11,crustacean,White leg shrimp,2014,3
11,crustacean,White leg shrimp,2015,2
11,crustacean,White leg shrimp,2016,3
11,fish,Amberjacks,2011,6
11,fish,Amberjacks,2013,41
11,fish,Amberjacks,2014,5
11,fish,Amberjacks,2016,2
11,fish,Barred knifejaw,2009,412
11,fish,Barred knifejaw,2010,373
11,fish,Barred knifejaw,2011,352
11,fish,Barred knifejaw,2012,286
11,fish,Barred knifejaw,2013,270
11,fish,Barred knifejaw,2014,221
11,fish,Barred knifejaw,2015,213
11,fish,Barred knifejaw,2016,283
11,fish,Bastard halibut,2009,30899
11,fish,Bastard halibut,2010,21367
11,fish,Bastard halibut,2011,22823
11,fish,Bastard halibut,2012,24575
11,fish,Bastard halibut,2013,23002
11,fish,Bastard halibut,2014,25004
11,fish,Bastard halibut,2015,27142
11,fish,Bastard halibut,2016,26098
11,fish,Black seabream,2011,1
11,fish,Chub mackerel,2009,13
11,fish,Chub mackerel,2010,26
11,fish,Chub mackerel,2011,6
11,fish,Chub mackerel,2012,112
11,fish,Chub mackerel,2013,82
11,fish,Chub mackerel,2014,56
11,fish,Chub mackerel,2015,53
11,fish,Chub mackerel,2016,167
11,fish,Convict grouper,2010,29
11,fish,Convict grouper,2011,3
11,fish,Convict grouper,2015,16
11,fish,Convict grouper,2016,8
11,fish,Filefishes,2009,1
11,fish,Filefishes,2010,2
11,fish,Filefishes,2015,2
11,fish,Filefishes,2016,1
11,fish,Flounders,2009,105
11,fish,Flounders,2010,160
11,fish,Flounders,2011,185
11,fish,Flounders,2012,8
11,fish,Flounders,2013,210
11,fish,Flounders,2014,1926
11,fish,Flounders,2015,516
11,fish,Flounders,2016,446
11,fish,Korean rockfish,2011,24
11,fish,Korean rockfish,2015,20
11,fish,Korean rockfish,2016,94
11,fish,Pacific bluefin tuna,2012,3
11,fish,Pufferfishes,2009,15
11,fish,Pufferfishes,2010,86
11,fish,Pufferfishes,2011,119
11,fish,Pufferfishes,2013,55
11,fish,Pufferfishes,2014,23
11,fish,Pufferfishes,2015,42
11,fish,Pufferfishes,2016,12
11,fish,Rainbow trout,2013,4
11,fish,Rainbow trout,2014,30
11,fish,Rainbow trout,2015,16
11,fish,Rainbow trout,2016,2
11,fish,Red seabream,2009,35
11,fish,Red seabream,2010,13
11,fish,Red seabream,2011,14
11,fish,Red seabream,2013,12
11,fish,Red seabream,2014,126
11,fish,Red seabream,2015,77
11,fish,Red seabream,2016,79
11,fish,Rockfishes,2016,19
11,fish,Seabreams,2010,1
11,fish,Seabreams,2011,6
11,fish,Seabreams,2012,5
11,fish,Seabreams,2013,1
11,fish,Seabreams,2014,16
11,fish,Seabreams,2015,16
11,fish,Seabreams,2016,8
11,fish,Small yellow croaker,2013,1
11,fish,Small yellow croaker,2014,14
11,fish,Small yellow croaker,2015,64
11,fish,Small yellow croaker,2016,23
11,other fisheries animals,Korean common sea squint,2011,24
11,other fisheries animals,Korean common sea squint,2012,17
11,other fisheries animals,Korean common sea squint,2013,1
11,other fisheries animals,Korean common sea squint,2015,1
11,shellfish,Abalones nei,2009,35
11,shellfish,Abalones nei,2010,30
11,shellfish,Abalones nei,2011,26
11,shellfish,Abalones nei,2012,19
11,shellfish,Abalones nei,2013,18
11,shellfish,Abalones nei,2014,23
11,shellfish,Abalones nei,2015,23
11,shellfish,Abalones nei,2016,32
