rgn_id,product,year,tonnes
1,corals,1988,2
1,corals,1989,1.05
1,corals,1990,0.733333333333333
1,corals,1991,0.575
1,corals,1992,0.075
1,corals,1993,0.075
1,corals,1994,0.05
1,corals,1995,0.05
1,corals,1996,0.05
1,corals,1997,0.025
1,corals,1998,0.025
1,corals,1999,0
1,corals,2000,0
1,corals,2001,0
1,corals,2002,0
1,corals,2003,0
1,corals,2004,0
1,corals,2005,0
1,corals,2006,0
1,corals,2007,0
1,corals,2008,0.5
1,corals,2009,0.525
1,corals,2010,0.525
1,corals,2011,0.525
1,corals,2012,0.025
1,corals,2013,0.025
1,fish_oil,1976,17
1,fish_oil,1977,48
1,fish_oil,1978,36.6666666666667
1,fish_oil,1979,29.75
1,fish_oil,1980,25.5
1,fish_oil,1981,5.75
1,fish_oil,1982,2.25
1,fish_oil,1983,0.025
1,fish_oil,1984,14.525
1,fish_oil,1985,16.025
1,fish_oil,1986,16.025
1,fish_oil,1987,30.25
1,fish_oil,1988,30
1,fish_oil,1989,36.275
1,fish_oil,1990,37.025
1,fish_oil,1991,117.55
1,fish_oil,1992,203.8
1,fish_oil,1993,370.525
1,fish_oil,1994,623.525
1,fish_oil,1995,1161
1,fish_oil,1996,1444
1,fish_oil,1997,1653.5
1,fish_oil,1998,2074
1,fish_oil,1999,1670
1,fish_oil,2000,1951.25
1,fish_oil,2001,2301.75
1,fish_oil,2002,2161.75
1,fish_oil,2003,2940.75
1,fish_oil,2004,3625.5
1,fish_oil,2005,3590.5
1,fish_oil,2006,3591
1,fish_oil,2007,3616.775
1,fish_oil,2008,3150.525
1,fish_oil,2009,2977.525
1,fish_oil,2010,2934.525
1,fish_oil,2011,2350
1,fish_oil,2012,1980.75
1,fish_oil,2013,1975.25
1,ornamentals,1977,237
1,ornamentals,1978,159
1,ornamentals,1979,143.333333333333
1,ornamentals,1980,196
1,ornamentals,1981,151.5
1,ornamentals,1982,148.75
1,ornamentals,1983,155.75
1,ornamentals,1984,89.75
1,ornamentals,1985,83.5
1,ornamentals,1986,69.75
1,ornamentals,1987,50.25
1,ornamentals,1988,28
1,ornamentals,1989,19.5
1,ornamentals,1990,15.75
1,ornamentals,1991,0.25
1,ornamentals,1992,0
1,ornamentals,1993,0.025
1,ornamentals,1994,0.05
1,ornamentals,1995,0.3
1,ornamentals,1996,0.325
1,ornamentals,1997,1.05
1,ornamentals,1998,2.525
1,ornamentals,1999,3.775
1,ornamentals,2000,3.75
1,ornamentals,2001,3.025
1,ornamentals,2002,2.63925257013389
1,ornamentals,2003,1.16425257013389
1,ornamentals,2004,1.16425257013389
1,ornamentals,2005,1.13925257013389
1,ornamentals,2006,0.025
1,ornamentals,2007,0
1,ornamentals,2008,0
1,ornamentals,2009,0
1,ornamentals,2010,0
1,ornamentals,2011,0
1,ornamentals,2012,0
1,ornamentals,2013,0
1,seaweeds,1981,4065
1,seaweeds,1982,3518
1,seaweeds,1983,3095.66666666667
1,seaweeds,1984,2908.25
1,seaweeds,1985,10131.5
1,seaweeds,1986,10019.75
1,seaweeds,1987,16919
1,seaweeds,1988,24981.75
1,seaweeds,1989,26095
1,seaweeds,1990,34919.75
1,seaweeds,1991,35373.75
1,seaweeds,1992,33484
1,seaweeds,1993,31368.75
1,seaweeds,1994,29051.25
1,seaweeds,1995,27280
1,seaweeds,1996,25833.5
1,seaweeds,1997,23994
1,seaweeds,1998,23211.25
1,seaweeds,1999,23788
1,seaweeds,2000,24362
1,seaweeds,2001,24231.25
1,seaweeds,2002,22735.525
1,seaweeds,2003,21753.275
1,seaweeds,2004,23889.775
1,seaweeds,2005,26377.025
1,seaweeds,2006,26677.75
1,seaweeds,2007,24398.25
1,seaweeds,2008,20871.75
1,seaweeds,2009,16852.275
1,seaweeds,2010,16915.775
1,seaweeds,2011,20522.3
1,seaweeds,2012,22910.05
1,seaweeds,2013,25863.775
1,shells,1982,1586
1,shells,1983,1267
1,shells,1984,1355
1,shells,1985,1553.75
1,shells,1986,1635.75
1,shells,1987,1812.525
1,shells,1988,1758.025
1,shells,1989,1524.275
1,shells,1990,1467.025
1,shells,1991,1301.25
1,shells,1992,1186.25
1,shells,1993,1146.5
1,shells,1994,2854
1,shells,1995,2981.75
1,shells,1996,2999.25
1,shells,1997,3076.75
1,shells,1998,1223.025
1,shells,1999,970.025
1,shells,2000,875.025
1,shells,2001,612.525
1,shells,2002,440
1,shells,2003,443
1,shells,2004,677.75
1,shells,2005,849.75
1,shells,2006,985.75
1,shells,2007,1111.5
1,shells,2008,1139
1,shells,2009,1367.5
1,shells,2010,1457.775
1,shells,2011,1504.525
1,shells,2012,1441.775
1,shells,2013,1419.275
2,corals,1988,2
2,corals,1989,1.05
2,corals,1990,0.733333333333333
2,corals,1991,0.575
2,corals,1992,0.075
2,corals,1993,0.075
2,corals,1994,0.05
2,corals,1995,0.05
2,corals,1996,0.05
2,corals,1997,0.025
2,corals,1998,0.025
2,corals,1999,0
2,corals,2000,0
2,corals,2001,0
2,corals,2002,0
2,corals,2003,0
2,corals,2004,0
2,corals,2005,0
2,corals,2006,0
2,corals,2007,0
2,corals,2008,0.5
2,corals,2009,0.525
2,corals,2010,0.525
2,corals,2011,0.525
2,corals,2012,0.025
2,corals,2013,0.025
2,fish_oil,1976,17
2,fish_oil,1977,48
2,fish_oil,1978,36.6666666666667
2,fish_oil,1979,29.75
2,fish_oil,1980,25.5
2,fish_oil,1981,5.75
2,fish_oil,1982,2.25
2,fish_oil,1983,0.025
2,fish_oil,1984,14.525
2,fish_oil,1985,16.025
2,fish_oil,1986,16.025
2,fish_oil,1987,30.25
2,fish_oil,1988,30
2,fish_oil,1989,36.275
2,fish_oil,1990,37.025
2,fish_oil,1991,117.55
2,fish_oil,1992,203.8
2,fish_oil,1993,370.525
2,fish_oil,1994,623.525
2,fish_oil,1995,1161
2,fish_oil,1996,1444
2,fish_oil,1997,1653.5
2,fish_oil,1998,2074
2,fish_oil,1999,1670
2,fish_oil,2000,1951.25
2,fish_oil,2001,2301.75
2,fish_oil,2002,2161.75
2,fish_oil,2003,2940.75
2,fish_oil,2004,3625.5
2,fish_oil,2005,3590.5
2,fish_oil,2006,3591
2,fish_oil,2007,3616.775
2,fish_oil,2008,3150.525
2,fish_oil,2009,2977.525
2,fish_oil,2010,2934.525
2,fish_oil,2011,2350
2,fish_oil,2012,1980.75
2,fish_oil,2013,1975.25
2,ornamentals,1977,237
2,ornamentals,1978,159
2,ornamentals,1979,143.333333333333
2,ornamentals,1980,196
2,ornamentals,1981,151.5
2,ornamentals,1982,148.75
2,ornamentals,1983,155.75
2,ornamentals,1984,89.75
2,ornamentals,1985,83.5
2,ornamentals,1986,69.75
2,ornamentals,1987,50.25
2,ornamentals,1988,28
2,ornamentals,1989,19.5
2,ornamentals,1990,15.75
2,ornamentals,1991,0.25
2,ornamentals,1992,0
2,ornamentals,1993,0.025
2,ornamentals,1994,0.05
2,ornamentals,1995,0.3
2,ornamentals,1996,0.325
2,ornamentals,1997,1.05
2,ornamentals,1998,2.525
2,ornamentals,1999,3.775
2,ornamentals,2000,3.75
2,ornamentals,2001,3.025
2,ornamentals,2002,2.63925257013389
2,ornamentals,2003,1.16425257013389
2,ornamentals,2004,1.16425257013389
2,ornamentals,2005,1.13925257013389
2,ornamentals,2006,0.025
2,ornamentals,2007,0
2,ornamentals,2008,0
2,ornamentals,2009,0
2,ornamentals,2010,0
2,ornamentals,2011,0
2,ornamentals,2012,0
2,ornamentals,2013,0
2,seaweeds,1981,4065
2,seaweeds,1982,3518
2,seaweeds,1983,3095.66666666667
2,seaweeds,1984,2908.25
2,seaweeds,1985,10131.5
2,seaweeds,1986,10019.75
2,seaweeds,1987,16919
2,seaweeds,1988,24981.75
2,seaweeds,1989,26095
2,seaweeds,1990,34919.75
2,seaweeds,1991,35373.75
2,seaweeds,1992,33484
2,seaweeds,1993,31368.75
2,seaweeds,1994,29051.25
2,seaweeds,1995,27280
2,seaweeds,1996,25833.5
2,seaweeds,1997,23994
2,seaweeds,1998,23211.25
2,seaweeds,1999,23788
2,seaweeds,2000,24362
2,seaweeds,2001,24231.25
2,seaweeds,2002,22735.525
2,seaweeds,2003,21753.275
2,seaweeds,2004,23889.775
2,seaweeds,2005,26377.025
2,seaweeds,2006,26677.75
2,seaweeds,2007,24398.25
2,seaweeds,2008,20871.75
2,seaweeds,2009,16852.275
2,seaweeds,2010,16915.775
2,seaweeds,2011,20522.3
2,seaweeds,2012,22910.05
2,seaweeds,2013,25863.775
2,shells,1982,1586
2,shells,1983,1267
2,shells,1984,1355
2,shells,1985,1553.75
2,shells,1986,1635.75
2,shells,1987,1812.525
2,shells,1988,1758.025
2,shells,1989,1524.275
2,shells,1990,1467.025
2,shells,1991,1301.25
2,shells,1992,1186.25
2,shells,1993,1146.5
2,shells,1994,2854
2,shells,1995,2981.75
2,shells,1996,2999.25
2,shells,1997,3076.75
2,shells,1998,1223.025
2,shells,1999,970.025
2,shells,2000,875.025
2,shells,2001,612.525
2,shells,2002,440
2,shells,2003,443
2,shells,2004,677.75
2,shells,2005,849.75
2,shells,2006,985.75
2,shells,2007,1111.5
2,shells,2008,1139
2,shells,2009,1367.5
2,shells,2010,1457.775
2,shells,2011,1504.525
2,shells,2012,1441.775
2,shells,2013,1419.275
3,corals,1988,2
3,corals,1989,1.05
3,corals,1990,0.733333333333333
3,corals,1991,0.575
3,corals,1992,0.075
3,corals,1993,0.075
3,corals,1994,0.05
3,corals,1995,0.05
3,corals,1996,0.05
3,corals,1997,0.025
3,corals,1998,0.025
3,corals,1999,0
3,corals,2000,0
3,corals,2001,0
3,corals,2002,0
3,corals,2003,0
3,corals,2004,0
3,corals,2005,0
3,corals,2006,0
3,corals,2007,0
3,corals,2008,0.5
3,corals,2009,0.525
3,corals,2010,0.525
3,corals,2011,0.525
3,corals,2012,0.025
3,corals,2013,0.025
3,fish_oil,1976,17
3,fish_oil,1977,48
3,fish_oil,1978,36.6666666666667
3,fish_oil,1979,29.75
3,fish_oil,1980,25.5
3,fish_oil,1981,5.75
3,fish_oil,1982,2.25
3,fish_oil,1983,0.025
3,fish_oil,1984,14.525
3,fish_oil,1985,16.025
3,fish_oil,1986,16.025
3,fish_oil,1987,30.25
3,fish_oil,1988,30
3,fish_oil,1989,36.275
3,fish_oil,1990,37.025
3,fish_oil,1991,117.55
3,fish_oil,1992,203.8
3,fish_oil,1993,370.525
3,fish_oil,1994,623.525
3,fish_oil,1995,1161
3,fish_oil,1996,1444
3,fish_oil,1997,1653.5
3,fish_oil,1998,2074
3,fish_oil,1999,1670
3,fish_oil,2000,1951.25
3,fish_oil,2001,2301.75
3,fish_oil,2002,2161.75
3,fish_oil,2003,2940.75
3,fish_oil,2004,3625.5
3,fish_oil,2005,3590.5
3,fish_oil,2006,3591
3,fish_oil,2007,3616.775
3,fish_oil,2008,3150.525
3,fish_oil,2009,2977.525
3,fish_oil,2010,2934.525
3,fish_oil,2011,2350
3,fish_oil,2012,1980.75
3,fish_oil,2013,1975.25
3,ornamentals,1977,237
3,ornamentals,1978,159
3,ornamentals,1979,143.333333333333
3,ornamentals,1980,196
3,ornamentals,1981,151.5
3,ornamentals,1982,148.75
3,ornamentals,1983,155.75
3,ornamentals,1984,89.75
3,ornamentals,1985,83.5
3,ornamentals,1986,69.75
3,ornamentals,1987,50.25
3,ornamentals,1988,28
3,ornamentals,1989,19.5
3,ornamentals,1990,15.75
3,ornamentals,1991,0.25
3,ornamentals,1992,0
3,ornamentals,1993,0.025
3,ornamentals,1994,0.05
3,ornamentals,1995,0.3
3,ornamentals,1996,0.325
3,ornamentals,1997,1.05
3,ornamentals,1998,2.525
3,ornamentals,1999,3.775
3,ornamentals,2000,3.75
3,ornamentals,2001,3.025
3,ornamentals,2002,2.63925257013389
3,ornamentals,2003,1.16425257013389
3,ornamentals,2004,1.16425257013389
3,ornamentals,2005,1.13925257013389
3,ornamentals,2006,0.025
3,ornamentals,2007,0
3,ornamentals,2008,0
3,ornamentals,2009,0
3,ornamentals,2010,0
3,ornamentals,2011,0
3,ornamentals,2012,0
3,ornamentals,2013,0
3,seaweeds,1981,4065
3,seaweeds,1982,3518
3,seaweeds,1983,3095.66666666667
3,seaweeds,1984,2908.25
3,seaweeds,1985,10131.5
3,seaweeds,1986,10019.75
3,seaweeds,1987,16919
3,seaweeds,1988,24981.75
3,seaweeds,1989,26095
3,seaweeds,1990,34919.75
3,seaweeds,1991,35373.75
3,seaweeds,1992,33484
3,seaweeds,1993,31368.75
3,seaweeds,1994,29051.25
3,seaweeds,1995,27280
3,seaweeds,1996,25833.5
3,seaweeds,1997,23994
3,seaweeds,1998,23211.25
3,seaweeds,1999,23788
3,seaweeds,2000,24362
3,seaweeds,2001,24231.25
3,seaweeds,2002,22735.525
3,seaweeds,2003,21753.275
3,seaweeds,2004,23889.775
3,seaweeds,2005,26377.025
3,seaweeds,2006,26677.75
3,seaweeds,2007,24398.25
3,seaweeds,2008,20871.75
3,seaweeds,2009,16852.275
3,seaweeds,2010,16915.775
3,seaweeds,2011,20522.3
3,seaweeds,2012,22910.05
3,seaweeds,2013,25863.775
3,shells,1982,1586
3,shells,1983,1267
3,shells,1984,1355
3,shells,1985,1553.75
3,shells,1986,1635.75
3,shells,1987,1812.525
3,shells,1988,1758.025
3,shells,1989,1524.275
3,shells,1990,1467.025
3,shells,1991,1301.25
3,shells,1992,1186.25
3,shells,1993,1146.5
3,shells,1994,2854
3,shells,1995,2981.75
3,shells,1996,2999.25
3,shells,1997,3076.75
3,shells,1998,1223.025
3,shells,1999,970.025
3,shells,2000,875.025
3,shells,2001,612.525
3,shells,2002,440
3,shells,2003,443
3,shells,2004,677.75
3,shells,2005,849.75
3,shells,2006,985.75
3,shells,2007,1111.5
3,shells,2008,1139
3,shells,2009,1367.5
3,shells,2010,1457.775
3,shells,2011,1504.525
3,shells,2012,1441.775
3,shells,2013,1419.275
4,corals,1988,2
4,corals,1989,1.05
4,corals,1990,0.733333333333333
4,corals,1991,0.575
4,corals,1992,0.075
4,corals,1993,0.075
4,corals,1994,0.05
4,corals,1995,0.05
4,corals,1996,0.05
4,corals,1997,0.025
4,corals,1998,0.025
4,corals,1999,0
4,corals,2000,0
4,corals,2001,0
4,corals,2002,0
4,corals,2003,0
4,corals,2004,0
4,corals,2005,0
4,corals,2006,0
4,corals,2007,0
4,corals,2008,0.5
4,corals,2009,0.525
4,corals,2010,0.525
4,corals,2011,0.525
4,corals,2012,0.025
4,corals,2013,0.025
4,fish_oil,1976,17
4,fish_oil,1977,48
4,fish_oil,1978,36.6666666666667
4,fish_oil,1979,29.75
4,fish_oil,1980,25.5
4,fish_oil,1981,5.75
4,fish_oil,1982,2.25
4,fish_oil,1983,0.025
4,fish_oil,1984,14.525
4,fish_oil,1985,16.025
4,fish_oil,1986,16.025
4,fish_oil,1987,30.25
4,fish_oil,1988,30
4,fish_oil,1989,36.275
4,fish_oil,1990,37.025
4,fish_oil,1991,117.55
4,fish_oil,1992,203.8
4,fish_oil,1993,370.525
4,fish_oil,1994,623.525
4,fish_oil,1995,1161
4,fish_oil,1996,1444
4,fish_oil,1997,1653.5
4,fish_oil,1998,2074
4,fish_oil,1999,1670
4,fish_oil,2000,1951.25
4,fish_oil,2001,2301.75
4,fish_oil,2002,2161.75
4,fish_oil,2003,2940.75
4,fish_oil,2004,3625.5
4,fish_oil,2005,3590.5
4,fish_oil,2006,3591
4,fish_oil,2007,3616.775
4,fish_oil,2008,3150.525
4,fish_oil,2009,2977.525
4,fish_oil,2010,2934.525
4,fish_oil,2011,2350
4,fish_oil,2012,1980.75
4,fish_oil,2013,1975.25
4,ornamentals,1977,237
4,ornamentals,1978,159
4,ornamentals,1979,143.333333333333
4,ornamentals,1980,196
4,ornamentals,1981,151.5
4,ornamentals,1982,148.75
4,ornamentals,1983,155.75
4,ornamentals,1984,89.75
4,ornamentals,1985,83.5
4,ornamentals,1986,69.75
4,ornamentals,1987,50.25
4,ornamentals,1988,28
4,ornamentals,1989,19.5
4,ornamentals,1990,15.75
4,ornamentals,1991,0.25
4,ornamentals,1992,0
4,ornamentals,1993,0.025
4,ornamentals,1994,0.05
4,ornamentals,1995,0.3
4,ornamentals,1996,0.325
4,ornamentals,1997,1.05
4,ornamentals,1998,2.525
4,ornamentals,1999,3.775
4,ornamentals,2000,3.75
4,ornamentals,2001,3.025
4,ornamentals,2002,2.63925257013389
4,ornamentals,2003,1.16425257013389
4,ornamentals,2004,1.16425257013389
4,ornamentals,2005,1.13925257013389
4,ornamentals,2006,0.025
4,ornamentals,2007,0
4,ornamentals,2008,0
4,ornamentals,2009,0
4,ornamentals,2010,0
4,ornamentals,2011,0
4,ornamentals,2012,0
4,ornamentals,2013,0
4,seaweeds,1981,4065
4,seaweeds,1982,3518
4,seaweeds,1983,3095.66666666667
4,seaweeds,1984,2908.25
4,seaweeds,1985,10131.5
4,seaweeds,1986,10019.75
4,seaweeds,1987,16919
4,seaweeds,1988,24981.75
4,seaweeds,1989,26095
4,seaweeds,1990,34919.75
4,seaweeds,1991,35373.75
4,seaweeds,1992,33484
4,seaweeds,1993,31368.75
4,seaweeds,1994,29051.25
4,seaweeds,1995,27280
4,seaweeds,1996,25833.5
4,seaweeds,1997,23994
4,seaweeds,1998,23211.25
4,seaweeds,1999,23788
4,seaweeds,2000,24362
4,seaweeds,2001,24231.25
4,seaweeds,2002,22735.525
4,seaweeds,2003,21753.275
4,seaweeds,2004,23889.775
4,seaweeds,2005,26377.025
4,seaweeds,2006,26677.75
4,seaweeds,2007,24398.25
4,seaweeds,2008,20871.75
4,seaweeds,2009,16852.275
4,seaweeds,2010,16915.775
4,seaweeds,2011,20522.3
4,seaweeds,2012,22910.05
4,seaweeds,2013,25863.775
4,shells,1982,1586
4,shells,1983,1267
4,shells,1984,1355
4,shells,1985,1553.75
4,shells,1986,1635.75
4,shells,1987,1812.525
4,shells,1988,1758.025
4,shells,1989,1524.275
4,shells,1990,1467.025
4,shells,1991,1301.25
4,shells,1992,1186.25
4,shells,1993,1146.5
4,shells,1994,2854
4,shells,1995,2981.75
4,shells,1996,2999.25
4,shells,1997,3076.75
4,shells,1998,1223.025
4,shells,1999,970.025
4,shells,2000,875.025
4,shells,2001,612.525
4,shells,2002,440
4,shells,2003,443
4,shells,2004,677.75
4,shells,2005,849.75
4,shells,2006,985.75
4,shells,2007,1111.5
4,shells,2008,1139
4,shells,2009,1367.5
4,shells,2010,1457.775
4,shells,2011,1504.525
4,shells,2012,1441.775
4,shells,2013,1419.275
5,corals,1988,2
5,corals,1989,1.05
5,corals,1990,0.733333333333333
5,corals,1991,0.575
5,corals,1992,0.075
5,corals,1993,0.075
5,corals,1994,0.05
5,corals,1995,0.05
5,corals,1996,0.05
5,corals,1997,0.025
5,corals,1998,0.025
5,corals,1999,0
5,corals,2000,0
5,corals,2001,0
5,corals,2002,0
5,corals,2003,0
5,corals,2004,0
5,corals,2005,0
5,corals,2006,0
5,corals,2007,0
5,corals,2008,0.5
5,corals,2009,0.525
5,corals,2010,0.525
5,corals,2011,0.525
5,corals,2012,0.025
5,corals,2013,0.025
5,fish_oil,1976,17
5,fish_oil,1977,48
5,fish_oil,1978,36.6666666666667
5,fish_oil,1979,29.75
5,fish_oil,1980,25.5
5,fish_oil,1981,5.75
5,fish_oil,1982,2.25
5,fish_oil,1983,0.025
5,fish_oil,1984,14.525
5,fish_oil,1985,16.025
5,fish_oil,1986,16.025
5,fish_oil,1987,30.25
5,fish_oil,1988,30
5,fish_oil,1989,36.275
5,fish_oil,1990,37.025
5,fish_oil,1991,117.55
5,fish_oil,1992,203.8
5,fish_oil,1993,370.525
5,fish_oil,1994,623.525
5,fish_oil,1995,1161
5,fish_oil,1996,1444
5,fish_oil,1997,1653.5
5,fish_oil,1998,2074
5,fish_oil,1999,1670
5,fish_oil,2000,1951.25
5,fish_oil,2001,2301.75
5,fish_oil,2002,2161.75
5,fish_oil,2003,2940.75
5,fish_oil,2004,3625.5
5,fish_oil,2005,3590.5
5,fish_oil,2006,3591
5,fish_oil,2007,3616.775
5,fish_oil,2008,3150.525
5,fish_oil,2009,2977.525
5,fish_oil,2010,2934.525
5,fish_oil,2011,2350
5,fish_oil,2012,1980.75
5,fish_oil,2013,1975.25
5,ornamentals,1977,237
5,ornamentals,1978,159
5,ornamentals,1979,143.333333333333
5,ornamentals,1980,196
5,ornamentals,1981,151.5
5,ornamentals,1982,148.75
5,ornamentals,1983,155.75
5,ornamentals,1984,89.75
5,ornamentals,1985,83.5
5,ornamentals,1986,69.75
5,ornamentals,1987,50.25
5,ornamentals,1988,28
5,ornamentals,1989,19.5
5,ornamentals,1990,15.75
5,ornamentals,1991,0.25
5,ornamentals,1992,0
5,ornamentals,1993,0.025
5,ornamentals,1994,0.05
5,ornamentals,1995,0.3
5,ornamentals,1996,0.325
5,ornamentals,1997,1.05
5,ornamentals,1998,2.525
5,ornamentals,1999,3.775
5,ornamentals,2000,3.75
5,ornamentals,2001,3.025
5,ornamentals,2002,2.63925257013389
5,ornamentals,2003,1.16425257013389
5,ornamentals,2004,1.16425257013389
5,ornamentals,2005,1.13925257013389
5,ornamentals,2006,0.025
5,ornamentals,2007,0
5,ornamentals,2008,0
5,ornamentals,2009,0
5,ornamentals,2010,0
5,ornamentals,2011,0
5,ornamentals,2012,0
5,ornamentals,2013,0
5,seaweeds,1981,4065
5,seaweeds,1982,3518
5,seaweeds,1983,3095.66666666667
5,seaweeds,1984,2908.25
5,seaweeds,1985,10131.5
5,seaweeds,1986,10019.75
5,seaweeds,1987,16919
5,seaweeds,1988,24981.75
5,seaweeds,1989,26095
5,seaweeds,1990,34919.75
5,seaweeds,1991,35373.75
5,seaweeds,1992,33484
5,seaweeds,1993,31368.75
5,seaweeds,1994,29051.25
5,seaweeds,1995,27280
5,seaweeds,1996,25833.5
5,seaweeds,1997,23994
5,seaweeds,1998,23211.25
5,seaweeds,1999,23788
5,seaweeds,2000,24362
5,seaweeds,2001,24231.25
5,seaweeds,2002,22735.525
5,seaweeds,2003,21753.275
5,seaweeds,2004,23889.775
5,seaweeds,2005,26377.025
5,seaweeds,2006,26677.75
5,seaweeds,2007,24398.25
5,seaweeds,2008,20871.75
5,seaweeds,2009,16852.275
5,seaweeds,2010,16915.775
5,seaweeds,2011,20522.3
5,seaweeds,2012,22910.05
5,seaweeds,2013,25863.775
5,shells,1982,1586
5,shells,1983,1267
5,shells,1984,1355
5,shells,1985,1553.75
5,shells,1986,1635.75
5,shells,1987,1812.525
5,shells,1988,1758.025
5,shells,1989,1524.275
5,shells,1990,1467.025
5,shells,1991,1301.25
5,shells,1992,1186.25
5,shells,1993,1146.5
5,shells,1994,2854
5,shells,1995,2981.75
5,shells,1996,2999.25
5,shells,1997,3076.75
5,shells,1998,1223.025
5,shells,1999,970.025
5,shells,2000,875.025
5,shells,2001,612.525
5,shells,2002,440
5,shells,2003,443
5,shells,2004,677.75
5,shells,2005,849.75
5,shells,2006,985.75
5,shells,2007,1111.5
5,shells,2008,1139
5,shells,2009,1367.5
5,shells,2010,1457.775
5,shells,2011,1504.525
5,shells,2012,1441.775
5,shells,2013,1419.275
6,corals,1988,2
6,corals,1989,1.05
6,corals,1990,0.733333333333333
6,corals,1991,0.575
6,corals,1992,0.075
6,corals,1993,0.075
6,corals,1994,0.05
6,corals,1995,0.05
6,corals,1996,0.05
6,corals,1997,0.025
6,corals,1998,0.025
6,corals,1999,0
6,corals,2000,0
6,corals,2001,0
6,corals,2002,0
6,corals,2003,0
6,corals,2004,0
6,corals,2005,0
6,corals,2006,0
6,corals,2007,0
6,corals,2008,0.5
6,corals,2009,0.525
6,corals,2010,0.525
6,corals,2011,0.525
6,corals,2012,0.025
6,corals,2013,0.025
6,fish_oil,1976,17
6,fish_oil,1977,48
6,fish_oil,1978,36.6666666666667
6,fish_oil,1979,29.75
6,fish_oil,1980,25.5
6,fish_oil,1981,5.75
6,fish_oil,1982,2.25
6,fish_oil,1983,0.025
6,fish_oil,1984,14.525
6,fish_oil,1985,16.025
6,fish_oil,1986,16.025
6,fish_oil,1987,30.25
6,fish_oil,1988,30
6,fish_oil,1989,36.275
6,fish_oil,1990,37.025
6,fish_oil,1991,117.55
6,fish_oil,1992,203.8
6,fish_oil,1993,370.525
6,fish_oil,1994,623.525
6,fish_oil,1995,1161
6,fish_oil,1996,1444
6,fish_oil,1997,1653.5
6,fish_oil,1998,2074
6,fish_oil,1999,1670
6,fish_oil,2000,1951.25
6,fish_oil,2001,2301.75
6,fish_oil,2002,2161.75
6,fish_oil,2003,2940.75
6,fish_oil,2004,3625.5
6,fish_oil,2005,3590.5
6,fish_oil,2006,3591
6,fish_oil,2007,3616.775
6,fish_oil,2008,3150.525
6,fish_oil,2009,2977.525
6,fish_oil,2010,2934.525
6,fish_oil,2011,2350
6,fish_oil,2012,1980.75
6,fish_oil,2013,1975.25
6,ornamentals,1977,237
6,ornamentals,1978,159
6,ornamentals,1979,143.333333333333
6,ornamentals,1980,196
6,ornamentals,1981,151.5
6,ornamentals,1982,148.75
6,ornamentals,1983,155.75
6,ornamentals,1984,89.75
6,ornamentals,1985,83.5
6,ornamentals,1986,69.75
6,ornamentals,1987,50.25
6,ornamentals,1988,28
6,ornamentals,1989,19.5
6,ornamentals,1990,15.75
6,ornamentals,1991,0.25
6,ornamentals,1992,0
6,ornamentals,1993,0.025
6,ornamentals,1994,0.05
6,ornamentals,1995,0.3
6,ornamentals,1996,0.325
6,ornamentals,1997,1.05
6,ornamentals,1998,2.525
6,ornamentals,1999,3.775
6,ornamentals,2000,3.75
6,ornamentals,2001,3.025
6,ornamentals,2002,2.63925257013389
6,ornamentals,2003,1.16425257013389
6,ornamentals,2004,1.16425257013389
6,ornamentals,2005,1.13925257013389
6,ornamentals,2006,0.025
6,ornamentals,2007,0
6,ornamentals,2008,0
6,ornamentals,2009,0
6,ornamentals,2010,0
6,ornamentals,2011,0
6,ornamentals,2012,0
6,ornamentals,2013,0
6,seaweeds,1981,4065
6,seaweeds,1982,3518
6,seaweeds,1983,3095.66666666667
6,seaweeds,1984,2908.25
6,seaweeds,1985,10131.5
6,seaweeds,1986,10019.75
6,seaweeds,1987,16919
6,seaweeds,1988,24981.75
6,seaweeds,1989,26095
6,seaweeds,1990,34919.75
6,seaweeds,1991,35373.75
6,seaweeds,1992,33484
6,seaweeds,1993,31368.75
6,seaweeds,1994,29051.25
6,seaweeds,1995,27280
6,seaweeds,1996,25833.5
6,seaweeds,1997,23994
6,seaweeds,1998,23211.25
6,seaweeds,1999,23788
6,seaweeds,2000,24362
6,seaweeds,2001,24231.25
6,seaweeds,2002,22735.525
6,seaweeds,2003,21753.275
6,seaweeds,2004,23889.775
6,seaweeds,2005,26377.025
6,seaweeds,2006,26677.75
6,seaweeds,2007,24398.25
6,seaweeds,2008,20871.75
6,seaweeds,2009,16852.275
6,seaweeds,2010,16915.775
6,seaweeds,2011,20522.3
6,seaweeds,2012,22910.05
6,seaweeds,2013,25863.775
6,shells,1982,1586
6,shells,1983,1267
6,shells,1984,1355
6,shells,1985,1553.75
6,shells,1986,1635.75
6,shells,1987,1812.525
6,shells,1988,1758.025
6,shells,1989,1524.275
6,shells,1990,1467.025
6,shells,1991,1301.25
6,shells,1992,1186.25
6,shells,1993,1146.5
6,shells,1994,2854
6,shells,1995,2981.75
6,shells,1996,2999.25
6,shells,1997,3076.75
6,shells,1998,1223.025
6,shells,1999,970.025
6,shells,2000,875.025
6,shells,2001,612.525
6,shells,2002,440
6,shells,2003,443
6,shells,2004,677.75
6,shells,2005,849.75
6,shells,2006,985.75
6,shells,2007,1111.5
6,shells,2008,1139
6,shells,2009,1367.5
6,shells,2010,1457.775
6,shells,2011,1504.525
6,shells,2012,1441.775
6,shells,2013,1419.275
7,corals,1988,2
7,corals,1989,1.05
7,corals,1990,0.733333333333333
7,corals,1991,0.575
7,corals,1992,0.075
7,corals,1993,0.075
7,corals,1994,0.05
7,corals,1995,0.05
7,corals,1996,0.05
7,corals,1997,0.025
7,corals,1998,0.025
7,corals,1999,0
7,corals,2000,0
7,corals,2001,0
7,corals,2002,0
7,corals,2003,0
7,corals,2004,0
7,corals,2005,0
7,corals,2006,0
7,corals,2007,0
7,corals,2008,0.5
7,corals,2009,0.525
7,corals,2010,0.525
7,corals,2011,0.525
7,corals,2012,0.025
7,corals,2013,0.025
7,fish_oil,1976,17
7,fish_oil,1977,48
7,fish_oil,1978,36.6666666666667
7,fish_oil,1979,29.75
7,fish_oil,1980,25.5
7,fish_oil,1981,5.75
7,fish_oil,1982,2.25
7,fish_oil,1983,0.025
7,fish_oil,1984,14.525
7,fish_oil,1985,16.025
7,fish_oil,1986,16.025
7,fish_oil,1987,30.25
7,fish_oil,1988,30
7,fish_oil,1989,36.275
7,fish_oil,1990,37.025
7,fish_oil,1991,117.55
7,fish_oil,1992,203.8
7,fish_oil,1993,370.525
7,fish_oil,1994,623.525
7,fish_oil,1995,1161
7,fish_oil,1996,1444
7,fish_oil,1997,1653.5
7,fish_oil,1998,2074
7,fish_oil,1999,1670
7,fish_oil,2000,1951.25
7,fish_oil,2001,2301.75
7,fish_oil,2002,2161.75
7,fish_oil,2003,2940.75
7,fish_oil,2004,3625.5
7,fish_oil,2005,3590.5
7,fish_oil,2006,3591
7,fish_oil,2007,3616.775
7,fish_oil,2008,3150.525
7,fish_oil,2009,2977.525
7,fish_oil,2010,2934.525
7,fish_oil,2011,2350
7,fish_oil,2012,1980.75
7,fish_oil,2013,1975.25
7,ornamentals,1977,237
7,ornamentals,1978,159
7,ornamentals,1979,143.333333333333
7,ornamentals,1980,196
7,ornamentals,1981,151.5
7,ornamentals,1982,148.75
7,ornamentals,1983,155.75
7,ornamentals,1984,89.75
7,ornamentals,1985,83.5
7,ornamentals,1986,69.75
7,ornamentals,1987,50.25
7,ornamentals,1988,28
7,ornamentals,1989,19.5
7,ornamentals,1990,15.75
7,ornamentals,1991,0.25
7,ornamentals,1992,0
7,ornamentals,1993,0.025
7,ornamentals,1994,0.05
7,ornamentals,1995,0.3
7,ornamentals,1996,0.325
7,ornamentals,1997,1.05
7,ornamentals,1998,2.525
7,ornamentals,1999,3.775
7,ornamentals,2000,3.75
7,ornamentals,2001,3.025
7,ornamentals,2002,2.63925257013389
7,ornamentals,2003,1.16425257013389
7,ornamentals,2004,1.16425257013389
7,ornamentals,2005,1.13925257013389
7,ornamentals,2006,0.025
7,ornamentals,2007,0
7,ornamentals,2008,0
7,ornamentals,2009,0
7,ornamentals,2010,0
7,ornamentals,2011,0
7,ornamentals,2012,0
7,ornamentals,2013,0
7,seaweeds,1981,4065
7,seaweeds,1982,3518
7,seaweeds,1983,3095.66666666667
7,seaweeds,1984,2908.25
7,seaweeds,1985,10131.5
7,seaweeds,1986,10019.75
7,seaweeds,1987,16919
7,seaweeds,1988,24981.75
7,seaweeds,1989,26095
7,seaweeds,1990,34919.75
7,seaweeds,1991,35373.75
7,seaweeds,1992,33484
7,seaweeds,1993,31368.75
7,seaweeds,1994,29051.25
7,seaweeds,1995,27280
7,seaweeds,1996,25833.5
7,seaweeds,1997,23994
7,seaweeds,1998,23211.25
7,seaweeds,1999,23788
7,seaweeds,2000,24362
7,seaweeds,2001,24231.25
7,seaweeds,2002,22735.525
7,seaweeds,2003,21753.275
7,seaweeds,2004,23889.775
7,seaweeds,2005,26377.025
7,seaweeds,2006,26677.75
7,seaweeds,2007,24398.25
7,seaweeds,2008,20871.75
7,seaweeds,2009,16852.275
7,seaweeds,2010,16915.775
7,seaweeds,2011,20522.3
7,seaweeds,2012,22910.05
7,seaweeds,2013,25863.775
7,shells,1982,1586
7,shells,1983,1267
7,shells,1984,1355
7,shells,1985,1553.75
7,shells,1986,1635.75
7,shells,1987,1812.525
7,shells,1988,1758.025
7,shells,1989,1524.275
7,shells,1990,1467.025
7,shells,1991,1301.25
7,shells,1992,1186.25
7,shells,1993,1146.5
7,shells,1994,2854
7,shells,1995,2981.75
7,shells,1996,2999.25
7,shells,1997,3076.75
7,shells,1998,1223.025
7,shells,1999,970.025
7,shells,2000,875.025
7,shells,2001,612.525
7,shells,2002,440
7,shells,2003,443
7,shells,2004,677.75
7,shells,2005,849.75
7,shells,2006,985.75
7,shells,2007,1111.5
7,shells,2008,1139
7,shells,2009,1367.5
7,shells,2010,1457.775
7,shells,2011,1504.525
7,shells,2012,1441.775
7,shells,2013,1419.275
8,corals,1988,2
8,corals,1989,1.05
8,corals,1990,0.733333333333333
8,corals,1991,0.575
8,corals,1992,0.075
8,corals,1993,0.075
8,corals,1994,0.05
8,corals,1995,0.05
8,corals,1996,0.05
8,corals,1997,0.025
8,corals,1998,0.025
8,corals,1999,0
8,corals,2000,0
8,corals,2001,0
8,corals,2002,0
8,corals,2003,0
8,corals,2004,0
8,corals,2005,0
8,corals,2006,0
8,corals,2007,0
8,corals,2008,0.5
8,corals,2009,0.525
8,corals,2010,0.525
8,corals,2011,0.525
8,corals,2012,0.025
8,corals,2013,0.025
8,fish_oil,1976,17
8,fish_oil,1977,48
8,fish_oil,1978,36.6666666666667
8,fish_oil,1979,29.75
8,fish_oil,1980,25.5
8,fish_oil,1981,5.75
8,fish_oil,1982,2.25
8,fish_oil,1983,0.025
8,fish_oil,1984,14.525
8,fish_oil,1985,16.025
8,fish_oil,1986,16.025
8,fish_oil,1987,30.25
8,fish_oil,1988,30
8,fish_oil,1989,36.275
8,fish_oil,1990,37.025
8,fish_oil,1991,117.55
8,fish_oil,1992,203.8
8,fish_oil,1993,370.525
8,fish_oil,1994,623.525
8,fish_oil,1995,1161
8,fish_oil,1996,1444
8,fish_oil,1997,1653.5
8,fish_oil,1998,2074
8,fish_oil,1999,1670
8,fish_oil,2000,1951.25
8,fish_oil,2001,2301.75
8,fish_oil,2002,2161.75
8,fish_oil,2003,2940.75
8,fish_oil,2004,3625.5
8,fish_oil,2005,3590.5
8,fish_oil,2006,3591
8,fish_oil,2007,3616.775
8,fish_oil,2008,3150.525
8,fish_oil,2009,2977.525
8,fish_oil,2010,2934.525
8,fish_oil,2011,2350
8,fish_oil,2012,1980.75
8,fish_oil,2013,1975.25
8,ornamentals,1977,237
8,ornamentals,1978,159
8,ornamentals,1979,143.333333333333
8,ornamentals,1980,196
8,ornamentals,1981,151.5
8,ornamentals,1982,148.75
8,ornamentals,1983,155.75
8,ornamentals,1984,89.75
8,ornamentals,1985,83.5
8,ornamentals,1986,69.75
8,ornamentals,1987,50.25
8,ornamentals,1988,28
8,ornamentals,1989,19.5
8,ornamentals,1990,15.75
8,ornamentals,1991,0.25
8,ornamentals,1992,0
8,ornamentals,1993,0.025
8,ornamentals,1994,0.05
8,ornamentals,1995,0.3
8,ornamentals,1996,0.325
8,ornamentals,1997,1.05
8,ornamentals,1998,2.525
8,ornamentals,1999,3.775
8,ornamentals,2000,3.75
8,ornamentals,2001,3.025
8,ornamentals,2002,2.63925257013389
8,ornamentals,2003,1.16425257013389
8,ornamentals,2004,1.16425257013389
8,ornamentals,2005,1.13925257013389
8,ornamentals,2006,0.025
8,ornamentals,2007,0
8,ornamentals,2008,0
8,ornamentals,2009,0
8,ornamentals,2010,0
8,ornamentals,2011,0
8,ornamentals,2012,0
8,ornamentals,2013,0
8,seaweeds,1981,4065
8,seaweeds,1982,3518
8,seaweeds,1983,3095.66666666667
8,seaweeds,1984,2908.25
8,seaweeds,1985,10131.5
8,seaweeds,1986,10019.75
8,seaweeds,1987,16919
8,seaweeds,1988,24981.75
8,seaweeds,1989,26095
8,seaweeds,1990,34919.75
8,seaweeds,1991,35373.75
8,seaweeds,1992,33484
8,seaweeds,1993,31368.75
8,seaweeds,1994,29051.25
8,seaweeds,1995,27280
8,seaweeds,1996,25833.5
8,seaweeds,1997,23994
8,seaweeds,1998,23211.25
8,seaweeds,1999,23788
8,seaweeds,2000,24362
8,seaweeds,2001,24231.25
8,seaweeds,2002,22735.525
8,seaweeds,2003,21753.275
8,seaweeds,2004,23889.775
8,seaweeds,2005,26377.025
8,seaweeds,2006,26677.75
8,seaweeds,2007,24398.25
8,seaweeds,2008,20871.75
8,seaweeds,2009,16852.275
8,seaweeds,2010,16915.775
8,seaweeds,2011,20522.3
8,seaweeds,2012,22910.05
8,seaweeds,2013,25863.775
8,shells,1982,1586
8,shells,1983,1267
8,shells,1984,1355
8,shells,1985,1553.75
8,shells,1986,1635.75
8,shells,1987,1812.525
8,shells,1988,1758.025
8,shells,1989,1524.275
8,shells,1990,1467.025
8,shells,1991,1301.25
8,shells,1992,1186.25
8,shells,1993,1146.5
8,shells,1994,2854
8,shells,1995,2981.75
8,shells,1996,2999.25
8,shells,1997,3076.75
8,shells,1998,1223.025
8,shells,1999,970.025
8,shells,2000,875.025
8,shells,2001,612.525
8,shells,2002,440
8,shells,2003,443
8,shells,2004,677.75
8,shells,2005,849.75
8,shells,2006,985.75
8,shells,2007,1111.5
8,shells,2008,1139
8,shells,2009,1367.5
8,shells,2010,1457.775
8,shells,2011,1504.525
8,shells,2012,1441.775
8,shells,2013,1419.275
9,corals,1988,2
9,corals,1989,1.05
9,corals,1990,0.733333333333333
9,corals,1991,0.575
9,corals,1992,0.075
9,corals,1993,0.075
9,corals,1994,0.05
9,corals,1995,0.05
9,corals,1996,0.05
9,corals,1997,0.025
9,corals,1998,0.025
9,corals,1999,0
9,corals,2000,0
9,corals,2001,0
9,corals,2002,0
9,corals,2003,0
9,corals,2004,0
9,corals,2005,0
9,corals,2006,0
9,corals,2007,0
9,corals,2008,0.5
9,corals,2009,0.525
9,corals,2010,0.525
9,corals,2011,0.525
9,corals,2012,0.025
9,corals,2013,0.025
9,fish_oil,1976,17
9,fish_oil,1977,48
9,fish_oil,1978,36.6666666666667
9,fish_oil,1979,29.75
9,fish_oil,1980,25.5
9,fish_oil,1981,5.75
9,fish_oil,1982,2.25
9,fish_oil,1983,0.025
9,fish_oil,1984,14.525
9,fish_oil,1985,16.025
9,fish_oil,1986,16.025
9,fish_oil,1987,30.25
9,fish_oil,1988,30
9,fish_oil,1989,36.275
9,fish_oil,1990,37.025
9,fish_oil,1991,117.55
9,fish_oil,1992,203.8
9,fish_oil,1993,370.525
9,fish_oil,1994,623.525
9,fish_oil,1995,1161
9,fish_oil,1996,1444
9,fish_oil,1997,1653.5
9,fish_oil,1998,2074
9,fish_oil,1999,1670
9,fish_oil,2000,1951.25
9,fish_oil,2001,2301.75
9,fish_oil,2002,2161.75
9,fish_oil,2003,2940.75
9,fish_oil,2004,3625.5
9,fish_oil,2005,3590.5
9,fish_oil,2006,3591
9,fish_oil,2007,3616.775
9,fish_oil,2008,3150.525
9,fish_oil,2009,2977.525
9,fish_oil,2010,2934.525
9,fish_oil,2011,2350
9,fish_oil,2012,1980.75
9,fish_oil,2013,1975.25
9,ornamentals,1977,237
9,ornamentals,1978,159
9,ornamentals,1979,143.333333333333
9,ornamentals,1980,196
9,ornamentals,1981,151.5
9,ornamentals,1982,148.75
9,ornamentals,1983,155.75
9,ornamentals,1984,89.75
9,ornamentals,1985,83.5
9,ornamentals,1986,69.75
9,ornamentals,1987,50.25
9,ornamentals,1988,28
9,ornamentals,1989,19.5
9,ornamentals,1990,15.75
9,ornamentals,1991,0.25
9,ornamentals,1992,0
9,ornamentals,1993,0.025
9,ornamentals,1994,0.05
9,ornamentals,1995,0.3
9,ornamentals,1996,0.325
9,ornamentals,1997,1.05
9,ornamentals,1998,2.525
9,ornamentals,1999,3.775
9,ornamentals,2000,3.75
9,ornamentals,2001,3.025
9,ornamentals,2002,2.63925257013389
9,ornamentals,2003,1.16425257013389
9,ornamentals,2004,1.16425257013389
9,ornamentals,2005,1.13925257013389
9,ornamentals,2006,0.025
9,ornamentals,2007,0
9,ornamentals,2008,0
9,ornamentals,2009,0
9,ornamentals,2010,0
9,ornamentals,2011,0
9,ornamentals,2012,0
9,ornamentals,2013,0
9,seaweeds,1981,4065
9,seaweeds,1982,3518
9,seaweeds,1983,3095.66666666667
9,seaweeds,1984,2908.25
9,seaweeds,1985,10131.5
9,seaweeds,1986,10019.75
9,seaweeds,1987,16919
9,seaweeds,1988,24981.75
9,seaweeds,1989,26095
9,seaweeds,1990,34919.75
9,seaweeds,1991,35373.75
9,seaweeds,1992,33484
9,seaweeds,1993,31368.75
9,seaweeds,1994,29051.25
9,seaweeds,1995,27280
9,seaweeds,1996,25833.5
9,seaweeds,1997,23994
9,seaweeds,1998,23211.25
9,seaweeds,1999,23788
9,seaweeds,2000,24362
9,seaweeds,2001,24231.25
9,seaweeds,2002,22735.525
9,seaweeds,2003,21753.275
9,seaweeds,2004,23889.775
9,seaweeds,2005,26377.025
9,seaweeds,2006,26677.75
9,seaweeds,2007,24398.25
9,seaweeds,2008,20871.75
9,seaweeds,2009,16852.275
9,seaweeds,2010,16915.775
9,seaweeds,2011,20522.3
9,seaweeds,2012,22910.05
9,seaweeds,2013,25863.775
9,shells,1982,1586
9,shells,1983,1267
9,shells,1984,1355
9,shells,1985,1553.75
9,shells,1986,1635.75
9,shells,1987,1812.525
9,shells,1988,1758.025
9,shells,1989,1524.275
9,shells,1990,1467.025
9,shells,1991,1301.25
9,shells,1992,1186.25
9,shells,1993,1146.5
9,shells,1994,2854
9,shells,1995,2981.75
9,shells,1996,2999.25
9,shells,1997,3076.75
9,shells,1998,1223.025
9,shells,1999,970.025
9,shells,2000,875.025
9,shells,2001,612.525
9,shells,2002,440
9,shells,2003,443
9,shells,2004,677.75
9,shells,2005,849.75
9,shells,2006,985.75
9,shells,2007,1111.5
9,shells,2008,1139
9,shells,2009,1367.5
9,shells,2010,1457.775
9,shells,2011,1504.525
9,shells,2012,1441.775
9,shells,2013,1419.275
10,corals,1988,2
10,corals,1989,1.05
10,corals,1990,0.733333333333333
10,corals,1991,0.575
10,corals,1992,0.075
10,corals,1993,0.075
10,corals,1994,0.05
10,corals,1995,0.05
10,corals,1996,0.05
10,corals,1997,0.025
10,corals,1998,0.025
10,corals,1999,0
10,corals,2000,0
10,corals,2001,0
10,corals,2002,0
10,corals,2003,0
10,corals,2004,0
10,corals,2005,0
10,corals,2006,0
10,corals,2007,0
10,corals,2008,0.5
10,corals,2009,0.525
10,corals,2010,0.525
10,corals,2011,0.525
10,corals,2012,0.025
10,corals,2013,0.025
10,fish_oil,1976,17
10,fish_oil,1977,48
10,fish_oil,1978,36.6666666666667
10,fish_oil,1979,29.75
10,fish_oil,1980,25.5
10,fish_oil,1981,5.75
10,fish_oil,1982,2.25
10,fish_oil,1983,0.025
10,fish_oil,1984,14.525
10,fish_oil,1985,16.025
10,fish_oil,1986,16.025
10,fish_oil,1987,30.25
10,fish_oil,1988,30
10,fish_oil,1989,36.275
10,fish_oil,1990,37.025
10,fish_oil,1991,117.55
10,fish_oil,1992,203.8
10,fish_oil,1993,370.525
10,fish_oil,1994,623.525
10,fish_oil,1995,1161
10,fish_oil,1996,1444
10,fish_oil,1997,1653.5
10,fish_oil,1998,2074
10,fish_oil,1999,1670
10,fish_oil,2000,1951.25
10,fish_oil,2001,2301.75
10,fish_oil,2002,2161.75
10,fish_oil,2003,2940.75
10,fish_oil,2004,3625.5
10,fish_oil,2005,3590.5
10,fish_oil,2006,3591
10,fish_oil,2007,3616.775
10,fish_oil,2008,3150.525
10,fish_oil,2009,2977.525
10,fish_oil,2010,2934.525
10,fish_oil,2011,2350
10,fish_oil,2012,1980.75
10,fish_oil,2013,1975.25
10,ornamentals,1977,237
10,ornamentals,1978,159
10,ornamentals,1979,143.333333333333
10,ornamentals,1980,196
10,ornamentals,1981,151.5
10,ornamentals,1982,148.75
10,ornamentals,1983,155.75
10,ornamentals,1984,89.75
10,ornamentals,1985,83.5
10,ornamentals,1986,69.75
10,ornamentals,1987,50.25
10,ornamentals,1988,28
10,ornamentals,1989,19.5
10,ornamentals,1990,15.75
10,ornamentals,1991,0.25
10,ornamentals,1992,0
10,ornamentals,1993,0.025
10,ornamentals,1994,0.05
10,ornamentals,1995,0.3
10,ornamentals,1996,0.325
10,ornamentals,1997,1.05
10,ornamentals,1998,2.525
10,ornamentals,1999,3.775
10,ornamentals,2000,3.75
10,ornamentals,2001,3.025
10,ornamentals,2002,2.63925257013389
10,ornamentals,2003,1.16425257013389
10,ornamentals,2004,1.16425257013389
10,ornamentals,2005,1.13925257013389
10,ornamentals,2006,0.025
10,ornamentals,2007,0
10,ornamentals,2008,0
10,ornamentals,2009,0
10,ornamentals,2010,0
10,ornamentals,2011,0
10,ornamentals,2012,0
10,ornamentals,2013,0
10,seaweeds,1981,4065
10,seaweeds,1982,3518
10,seaweeds,1983,3095.66666666667
10,seaweeds,1984,2908.25
10,seaweeds,1985,10131.5
10,seaweeds,1986,10019.75
10,seaweeds,1987,16919
10,seaweeds,1988,24981.75
10,seaweeds,1989,26095
10,seaweeds,1990,34919.75
10,seaweeds,1991,35373.75
10,seaweeds,1992,33484
10,seaweeds,1993,31368.75
10,seaweeds,1994,29051.25
10,seaweeds,1995,27280
10,seaweeds,1996,25833.5
10,seaweeds,1997,23994
10,seaweeds,1998,23211.25
10,seaweeds,1999,23788
10,seaweeds,2000,24362
10,seaweeds,2001,24231.25
10,seaweeds,2002,22735.525
10,seaweeds,2003,21753.275
10,seaweeds,2004,23889.775
10,seaweeds,2005,26377.025
10,seaweeds,2006,26677.75
10,seaweeds,2007,24398.25
10,seaweeds,2008,20871.75
10,seaweeds,2009,16852.275
10,seaweeds,2010,16915.775
10,seaweeds,2011,20522.3
10,seaweeds,2012,22910.05
10,seaweeds,2013,25863.775
10,shells,1982,1586
10,shells,1983,1267
10,shells,1984,1355
10,shells,1985,1553.75
10,shells,1986,1635.75
10,shells,1987,1812.525
10,shells,1988,1758.025
10,shells,1989,1524.275
10,shells,1990,1467.025
10,shells,1991,1301.25
10,shells,1992,1186.25
10,shells,1993,1146.5
10,shells,1994,2854
10,shells,1995,2981.75
10,shells,1996,2999.25
10,shells,1997,3076.75
10,shells,1998,1223.025
10,shells,1999,970.025
10,shells,2000,875.025
10,shells,2001,612.525
10,shells,2002,440
10,shells,2003,443
10,shells,2004,677.75
10,shells,2005,849.75
10,shells,2006,985.75
10,shells,2007,1111.5
10,shells,2008,1139
10,shells,2009,1367.5
10,shells,2010,1457.775
10,shells,2011,1504.525
10,shells,2012,1441.775
10,shells,2013,1419.275
11,corals,1988,2
11,corals,1989,1.05
11,corals,1990,0.733333333333333
11,corals,1991,0.575
11,corals,1992,0.075
11,corals,1993,0.075
11,corals,1994,0.05
11,corals,1995,0.05
11,corals,1996,0.05
11,corals,1997,0.025
11,corals,1998,0.025
11,corals,1999,0
11,corals,2000,0
11,corals,2001,0
11,corals,2002,0
11,corals,2003,0
11,corals,2004,0
11,corals,2005,0
11,corals,2006,0
11,corals,2007,0
11,corals,2008,0.5
11,corals,2009,0.525
11,corals,2010,0.525
11,corals,2011,0.525
11,corals,2012,0.025
11,corals,2013,0.025
11,fish_oil,1976,17
11,fish_oil,1977,48
11,fish_oil,1978,36.6666666666667
11,fish_oil,1979,29.75
11,fish_oil,1980,25.5
11,fish_oil,1981,5.75
11,fish_oil,1982,2.25
11,fish_oil,1983,0.025
11,fish_oil,1984,14.525
11,fish_oil,1985,16.025
11,fish_oil,1986,16.025
11,fish_oil,1987,30.25
11,fish_oil,1988,30
11,fish_oil,1989,36.275
11,fish_oil,1990,37.025
11,fish_oil,1991,117.55
11,fish_oil,1992,203.8
11,fish_oil,1993,370.525
11,fish_oil,1994,623.525
11,fish_oil,1995,1161
11,fish_oil,1996,1444
11,fish_oil,1997,1653.5
11,fish_oil,1998,2074
11,fish_oil,1999,1670
11,fish_oil,2000,1951.25
11,fish_oil,2001,2301.75
11,fish_oil,2002,2161.75
11,fish_oil,2003,2940.75
11,fish_oil,2004,3625.5
11,fish_oil,2005,3590.5
11,fish_oil,2006,3591
11,fish_oil,2007,3616.775
11,fish_oil,2008,3150.525
11,fish_oil,2009,2977.525
11,fish_oil,2010,2934.525
11,fish_oil,2011,2350
11,fish_oil,2012,1980.75
11,fish_oil,2013,1975.25
11,ornamentals,1977,237
11,ornamentals,1978,159
11,ornamentals,1979,143.333333333333
11,ornamentals,1980,196
11,ornamentals,1981,151.5
11,ornamentals,1982,148.75
11,ornamentals,1983,155.75
11,ornamentals,1984,89.75
11,ornamentals,1985,83.5
11,ornamentals,1986,69.75
11,ornamentals,1987,50.25
11,ornamentals,1988,28
11,ornamentals,1989,19.5
11,ornamentals,1990,15.75
11,ornamentals,1991,0.25
11,ornamentals,1992,0
11,ornamentals,1993,0.025
11,ornamentals,1994,0.05
11,ornamentals,1995,0.3
11,ornamentals,1996,0.325
11,ornamentals,1997,1.05
11,ornamentals,1998,2.525
11,ornamentals,1999,3.775
11,ornamentals,2000,3.75
11,ornamentals,2001,3.025
11,ornamentals,2002,2.63925257013389
11,ornamentals,2003,1.16425257013389
11,ornamentals,2004,1.16425257013389
11,ornamentals,2005,1.13925257013389
11,ornamentals,2006,0.025
11,ornamentals,2007,0
11,ornamentals,2008,0
11,ornamentals,2009,0
11,ornamentals,2010,0
11,ornamentals,2011,0
11,ornamentals,2012,0
11,ornamentals,2013,0
11,seaweeds,1981,4065
11,seaweeds,1982,3518
11,seaweeds,1983,3095.66666666667
11,seaweeds,1984,2908.25
11,seaweeds,1985,10131.5
11,seaweeds,1986,10019.75
11,seaweeds,1987,16919
11,seaweeds,1988,24981.75
11,seaweeds,1989,26095
11,seaweeds,1990,34919.75
11,seaweeds,1991,35373.75
11,seaweeds,1992,33484
11,seaweeds,1993,31368.75
11,seaweeds,1994,29051.25
11,seaweeds,1995,27280
11,seaweeds,1996,25833.5
11,seaweeds,1997,23994
11,seaweeds,1998,23211.25
11,seaweeds,1999,23788
11,seaweeds,2000,24362
11,seaweeds,2001,24231.25
11,seaweeds,2002,22735.525
11,seaweeds,2003,21753.275
11,seaweeds,2004,23889.775
11,seaweeds,2005,26377.025
11,seaweeds,2006,26677.75
11,seaweeds,2007,24398.25
11,seaweeds,2008,20871.75
11,seaweeds,2009,16852.275
11,seaweeds,2010,16915.775
11,seaweeds,2011,20522.3
11,seaweeds,2012,22910.05
11,seaweeds,2013,25863.775
11,shells,1982,1586
11,shells,1983,1267
11,shells,1984,1355
11,shells,1985,1553.75
11,shells,1986,1635.75
11,shells,1987,1812.525
11,shells,1988,1758.025
11,shells,1989,1524.275
11,shells,1990,1467.025
11,shells,1991,1301.25
11,shells,1992,1186.25
11,shells,1993,1146.5
11,shells,1994,2854
11,shells,1995,2981.75
11,shells,1996,2999.25
11,shells,1997,3076.75
11,shells,1998,1223.025
11,shells,1999,970.025
11,shells,2000,875.025
11,shells,2001,612.525
11,shells,2002,440
11,shells,2003,443
11,shells,2004,677.75
11,shells,2005,849.75
11,shells,2006,985.75
11,shells,2007,1111.5
11,shells,2008,1139
11,shells,2009,1367.5
11,shells,2010,1457.775
11,shells,2011,1504.525
11,shells,2012,1441.775
11,shells,2013,1419.275
12,corals,1988,2
12,corals,1989,1.05
12,corals,1990,0.733333333333333
12,corals,1991,0.575
12,corals,1992,0.075
12,corals,1993,0.075
12,corals,1994,0.05
12,corals,1995,0.05
12,corals,1996,0.05
12,corals,1997,0.025
12,corals,1998,0.025
12,corals,1999,0
12,corals,2000,0
12,corals,2001,0
12,corals,2002,0
12,corals,2003,0
12,corals,2004,0
12,corals,2005,0
12,corals,2006,0
12,corals,2007,0
12,corals,2008,0.5
12,corals,2009,0.525
12,corals,2010,0.525
12,corals,2011,0.525
12,corals,2012,0.025
12,corals,2013,0.025
12,fish_oil,1976,17
12,fish_oil,1977,48
12,fish_oil,1978,36.6666666666667
12,fish_oil,1979,29.75
12,fish_oil,1980,25.5
12,fish_oil,1981,5.75
12,fish_oil,1982,2.25
12,fish_oil,1983,0.025
12,fish_oil,1984,14.525
12,fish_oil,1985,16.025
12,fish_oil,1986,16.025
12,fish_oil,1987,30.25
12,fish_oil,1988,30
12,fish_oil,1989,36.275
12,fish_oil,1990,37.025
12,fish_oil,1991,117.55
12,fish_oil,1992,203.8
12,fish_oil,1993,370.525
12,fish_oil,1994,623.525
12,fish_oil,1995,1161
12,fish_oil,1996,1444
12,fish_oil,1997,1653.5
12,fish_oil,1998,2074
12,fish_oil,1999,1670
12,fish_oil,2000,1951.25
12,fish_oil,2001,2301.75
12,fish_oil,2002,2161.75
12,fish_oil,2003,2940.75
12,fish_oil,2004,3625.5
12,fish_oil,2005,3590.5
12,fish_oil,2006,3591
12,fish_oil,2007,3616.775
12,fish_oil,2008,3150.525
12,fish_oil,2009,2977.525
12,fish_oil,2010,2934.525
12,fish_oil,2011,2350
12,fish_oil,2012,1980.75
12,fish_oil,2013,1975.25
12,ornamentals,1977,237
12,ornamentals,1978,159
12,ornamentals,1979,143.333333333333
12,ornamentals,1980,196
12,ornamentals,1981,151.5
12,ornamentals,1982,148.75
12,ornamentals,1983,155.75
12,ornamentals,1984,89.75
12,ornamentals,1985,83.5
12,ornamentals,1986,69.75
12,ornamentals,1987,50.25
12,ornamentals,1988,28
12,ornamentals,1989,19.5
12,ornamentals,1990,15.75
12,ornamentals,1991,0.25
12,ornamentals,1992,0
12,ornamentals,1993,0.025
12,ornamentals,1994,0.05
12,ornamentals,1995,0.3
12,ornamentals,1996,0.325
12,ornamentals,1997,1.05
12,ornamentals,1998,2.525
12,ornamentals,1999,3.775
12,ornamentals,2000,3.75
12,ornamentals,2001,3.025
12,ornamentals,2002,2.63925257013389
12,ornamentals,2003,1.16425257013389
12,ornamentals,2004,1.16425257013389
12,ornamentals,2005,1.13925257013389
12,ornamentals,2006,0.025
12,ornamentals,2007,0
12,ornamentals,2008,0
12,ornamentals,2009,0
12,ornamentals,2010,0
12,ornamentals,2011,0
12,ornamentals,2012,0
12,ornamentals,2013,0
12,seaweeds,1981,4065
12,seaweeds,1982,3518
12,seaweeds,1983,3095.66666666667
12,seaweeds,1984,2908.25
12,seaweeds,1985,10131.5
12,seaweeds,1986,10019.75
12,seaweeds,1987,16919
12,seaweeds,1988,24981.75
12,seaweeds,1989,26095
12,seaweeds,1990,34919.75
12,seaweeds,1991,35373.75
12,seaweeds,1992,33484
12,seaweeds,1993,31368.75
12,seaweeds,1994,29051.25
12,seaweeds,1995,27280
12,seaweeds,1996,25833.5
12,seaweeds,1997,23994
12,seaweeds,1998,23211.25
12,seaweeds,1999,23788
12,seaweeds,2000,24362
12,seaweeds,2001,24231.25
12,seaweeds,2002,22735.525
12,seaweeds,2003,21753.275
12,seaweeds,2004,23889.775
12,seaweeds,2005,26377.025
12,seaweeds,2006,26677.75
12,seaweeds,2007,24398.25
12,seaweeds,2008,20871.75
12,seaweeds,2009,16852.275
12,seaweeds,2010,16915.775
12,seaweeds,2011,20522.3
12,seaweeds,2012,22910.05
12,seaweeds,2013,25863.775
12,shells,1982,1586
12,shells,1983,1267
12,shells,1984,1355
12,shells,1985,1553.75
12,shells,1986,1635.75
12,shells,1987,1812.525
12,shells,1988,1758.025
12,shells,1989,1524.275
12,shells,1990,1467.025
12,shells,1991,1301.25
12,shells,1992,1186.25
12,shells,1993,1146.5
12,shells,1994,2854
12,shells,1995,2981.75
12,shells,1996,2999.25
12,shells,1997,3076.75
12,shells,1998,1223.025
12,shells,1999,970.025
12,shells,2000,875.025
12,shells,2001,612.525
12,shells,2002,440
12,shells,2003,443
12,shells,2004,677.75
12,shells,2005,849.75
12,shells,2006,985.75
12,shells,2007,1111.5
12,shells,2008,1139
12,shells,2009,1367.5
12,shells,2010,1457.775
12,shells,2011,1504.525
12,shells,2012,1441.775
12,shells,2013,1419.275
